曲目ID,中文名称,EnglishTitle,专辑名称,曲目序号,音频文件名,身份定位,神学主题,属灵气质,传统用途,适合文章类型,不适合文章类型,一句话总评,来源链接,来源说明
A1-01,永恒的颂赞,Timeless Tribute,主是磐石 Unshakable Faith,1,,赞美与敬拜导向的福音圣乐，功能是把听者带向对神永恒荣耀的颂赞。,神的荣耀；永恒颂赞；救恩感恩；敬拜回应,明亮；庄重；颂赞；开阔,主日赞美；感恩回应；敬拜性文章；以神荣耀作结的灵修,文章最终落点是赞美神的荣耀、数算恩典、从信仰反思转向敬拜回应。,主要气质是悔改忧伤、受难默想、病痛安慰或低声等候的文章。,适合承托从灵修反思走向敬拜颂赞的文章，不适合作为沉重悔改或苦难安慰的底色。,https://hymnary.org/search?qu=Timeless%20Tribute | https://songselect.ccli.com/search/results?List=Timeless%20Tribute,未确认到标准公版圣诗条目；按专辑曲名和赞美主题初步判断，需用出版方/曲库文件名复核。
A1-02,圣灵之歌,Spirit Song,主是磐石 Unshakable Faith,2,,圣灵更新与奉献回应类圣诗，带有祷告、更新和顺服的灵修传统。,圣灵工作；生命更新；成圣；顺服献上,恳切；柔和；等候；内在更新,祷告会；培灵会；成圣主题；复兴与更新信息,文章强调圣灵光照、内在更新、顺服神引导、从属灵迟钝转向被主更新。,主要落点是圣诞、主餐、追思安慰、复活得胜或宣教动员的文章。,这首曲子的核心不是情绪安抚，而是求圣灵更新生命并带出顺服。,https://hymnary.org/search?qu=Spirit%20Song | https://songselect.ccli.com/search/results?List=Spirit%20Song,现代敬拜曲来源以 CCLI/SongSelect 与 Hymnary 检索复核；神学判断按圣灵更新与奉献回应主题。
A1-03,我曾舍命为你,I Gave My Life for Thee,主是磐石 Unshakable Faith,3,,十字架奉献回应诗，核心是基督舍命与信徒回应主爱。,十字架救恩；基督代赎；主爱激励；奉献回应,深沉；敬畏；感恩；委身,受难周；主餐前后；十字架信息；奉献回应,文章落点是基督为人舍命、主爱激励人悔改和奉献、以十字架呼召信徒回应。,主要是轻快赞美、一般生活感恩、圣诞叙事或宣教凯歌的文章。,这是一首由基督舍命之爱引向信徒奉献回应的十字架圣诗。,https://hymnary.org/search?qu=I%20Gave%20My%20Life%20for%20Thee | https://hymntime.com/tch/htm/i/g/a/v/igavemyl.htm,参考 Hymnary 检索与 HymnTime/Cyber Hymnal 条目；Frances R. Havergal 十字架奉献回应诗。
A1-04,主你真美好,"O Lord, You're Beautiful",主是磐石 Unshakable Faith,4,,敬拜与爱主回应类现代圣诗，聚焦基督荣美与个人亲近主。,基督荣美；爱主；敬拜；内在更新,亲密；温柔；敬拜；安静,灵修默想；敬拜回应；爱主主题；个人奉献,文章强调看见主的荣美、被主吸引、从忙乱或冷淡中回到爱主与敬拜。,主要落点是教义争辩、属灵争战、严肃警戒、主餐礼仪或宣教差派的文章。,适合表达被基督荣美吸引后的安静敬拜和爱主回应。,https://hymnary.org/search?qu=O%20Lord%2C%20You%27re%20Beautiful | https://songselect.ccli.com/search/results?List=O%20Lord%2C%20You%27re%20Beautiful,现代敬拜曲来源以 CCLI/SongSelect 与 Hymnary 检索复核；通常与 Keith Green 的敬拜传统相关。
A1-05,真神之爱,Wondrous Love,主是磐石 Unshakable Faith,5,,神爱与救赎默想圣诗，强调神在基督里奇妙、主动、牺牲的爱。,神的爱；基督救赎；恩典；敬拜回应,温暖；深情；感恩；敬畏,救恩默想；福音信息；主日回应；感恩见证,文章中心是神主动的爱、基督救赎、罪人蒙恩，结尾带向感恩和敬拜。,主要落点是强烈警戒、公开争战、宣教动员或礼仪性主餐默想的文章。,这首曲子适合把读者从认识救恩带向对神爱与恩典的敬拜。,https://hymnary.org/search?qu=What%20Wondrous%20Love%20Is%20This | https://hymntime.com/tch/htm/w/h/a/t/wondlove.htm,参考 Hymnary 检索与 HymnTime/Cyber Hymnal；通常对应 What Wondrous Love Is This，救赎与神爱主题。
A1-06,向耶稣倾听,I Must Tell Jesus,主是磐石 Unshakable Faith,6,,祷告与交托类福音圣诗，强调把忧虑、试探和重担带到耶稣面前。,祷告；交托重担；倚靠基督；主内安慰,恳切；亲近；牧养；安慰,祷告会；个人灵修；患难交托；牧养安慰,文章引导读者在忧虑、试探、孤单或重担中转向基督、向主倾心吐意。,主要落点是复活凯歌、宣教差派、庄严审判或节期庆典的文章。,核心功能是把人的重担带到耶稣面前，而不是泛泛营造安静气氛。,https://hymnary.org/search?qu=I%20Must%20Tell%20Jesus | https://hymntime.com/tch/htm/i/m/u/s/imustell.htm,参考 Hymnary 检索与 HymnTime/Cyber Hymnal；Elisha A. Hoffman 祷告交托类福音圣诗。
A1-07,我时刻需要你,I Need Thee Every Hour,主是磐石 Unshakable Faith,7,,倚靠与祷告回应圣诗，表达信徒每时每刻需要主的扶持。,倚靠主；祷告；成圣；软弱中蒙恩,谦卑；恳切；安静；单纯信靠,祷告回应；灵修默想；软弱扶持；成圣操练,文章强调人的软弱有限、不可自恃，需要持续倚靠主的恩典和同在。,主要落点是宏大宣教、得胜凯歌、圣诞庆典或主餐礼仪的文章。,这首曲子适合承托从自恃转向时时倚靠主的灵修文章。,https://hymnary.org/search?qu=I%20Need%20Thee%20Every%20Hour | https://hymntime.com/tch/htm/i/n/e/e/ineedteh.htm,参考 Hymnary 检索与 HymnTime/Cyber Hymnal；Annie S. Hawks / Robert Lowry 倚靠祷告圣诗。
A1-08,我心灵得安宁,"Be Still, My Soul",主是磐石 Unshakable Faith,8,,患难中信靠神护理的安慰圣诗，呼召灵魂在神里面安静。,神的护理；信靠等候；患难安慰；终末盼望,安静；深沉；忍耐；盼望,苦难安慰；追思或病中探访；等候主题；信靠神护理的信息,文章从忧患、失落、等待或不明白中带读者转向神的掌权和信实。,主要是轻快赞美、福音呼召、宣教动员或急切行动号召的文章。,这是一首让受扰动的心在神护理和终末盼望中安静下来的圣诗。,https://hymnary.org/search?qu=Be%20Still%2C%20My%20Soul | https://hymntime.com/tch/htm/b/e/s/t/bestill.htm,参考 Hymnary 检索与 HymnTime/Cyber Hymnal；Katharina von Schlegel 文本、FINLANDIA 曲调传统。
A1-09,亲爱主，牵我手,In His Hand,主是磐石 Unshakable Faith,9,,软弱与人生幽谷中的引导安慰诗，强调主亲手牵引。,主的引导；患难同行；软弱扶持；信靠交托,温柔；哀而有望；亲近；受安慰,病痛安慰；丧亲或低谷陪伴；老年关怀；个人交托,文章强调软弱、眼泪、前路不明中需要主牵手带领。,主要落点是欢乐赞美、神学论证、宣教争战或圣洁警戒的文章。,适合给低谷中的信徒以主同在和牵引的安慰。,https://hymnary.org/search?qu=Precious%20Lord%2C%20Take%20My%20Hand | https://songselect.ccli.com/search/results?List=Precious%20Lord%2C%20Take%20My%20Hand,"中文名疑似对应 Precious Lord, Take My Hand；需用实际曲库文件名确认英文题名。"
A1-10,归家,Softly and Tenderly,主是磐石 Unshakable Faith,10,,福音呼召圣诗，突出救主温柔呼唤罪人归家。,悔改归主；福音呼召；救主怜悯；回转,温柔；恳切；呼召；悔改,布道会回应；悔改祷告；归主见证；福音文章结尾,文章最终落点是呼召人离开罪、归向基督、回应救主怜悯。,主要是给成熟信徒的成圣反思、普通安慰、圣诞节期或宣教差派文章。,这首曲子适合明确福音呼召，不适合只作一般温柔背景乐。,https://hymnary.org/search?qu=Softly%20and%20Tenderly | https://hymntime.com/tch/htm/s/o/f/t/softlyat.htm,参考 Hymnary 检索与 HymnTime/Cyber Hymnal；Will L. Thompson 福音呼召诗。
A1-11,主必看顾,Does Jesus Care?,主是磐石 Unshakable Faith,11,,苦难中确认基督眷顾的安慰圣诗，回答主是否顾念人的眼泪。,基督怜悯；患难安慰；主的眷顾；信心确据,低回；温柔；受安慰；有盼望,病中探访；苦难文章；追思安慰；牧养陪伴,文章处理痛苦、孤单、失落、忧伤，并最终指向主真实的怜悯和同在。,主要是喜乐赞美、宣教动员、严肃责备或节期庆典的文章。,核心是确认基督顾念人的痛苦，适合牧养安慰性文章。,https://hymnary.org/search?qu=Does%20Jesus%20Care | https://hymntime.com/tch/htm/d/o/e/s/doesjesc.htm,参考 Hymnary 检索与 HymnTime/Cyber Hymnal；Frank E. Graeff / J. Lincoln Hall 苦难安慰圣诗。
A1-12,主领我们前行,God Leads Us Along,主是磐石 Unshakable Faith,12,,神在不同境遇中引导信徒的护理圣诗。,神的带领；旷野与丰盛；信靠顺服；护理,安稳；叙事性；信靠；受安慰,人生道路反思；苦乐交替中的信靠；见证；灵修默想,文章强调神带领人经过高山低谷、顺境逆境，并在各样处境中供应。,主要落点是悔改呼召、十字架受难默想、宣教凯歌或圣诞叙事的文章。,适合表达神在复杂人生道路中亲自带领和供应。,https://hymnary.org/search?qu=God%20Leads%20Us%20Along | https://hymntime.com/tch/htm/g/o/d/l/godleads.htm,参考 Hymnary 检索与 HymnTime/Cyber Hymnal；George A. Young 神带领与护理主题圣诗。
A1-13,祂既看顾麻雀,His Eye Is on the Sparrow,主是磐石 Unshakable Faith,13,,神细致看顾与儿女身份安慰圣诗，强调天父连微小生命也眷顾。,天父看顾；儿女确据；忧虑中的信靠；神的怜悯,温柔；明亮；安慰；信靠,忧虑安慰；个人见证；病痛或孤单陪伴；神护理主题,文章引导读者在忧虑、被忽略感或软弱中相信天父细致看顾。,主要是沉重认罪、属灵争战、主餐肃穆或末世警醒的文章。,这首曲子适合承托天父看顾和信徒不被遗忘的主题。,https://hymnary.org/search?qu=His%20Eye%20Is%20on%20the%20Sparrow | https://hymntime.com/tch/htm/h/i/s/e/hiseyeis.htm,参考 Hymnary 检索与 HymnTime/Cyber Hymnal；Civilla D. Martin / Charles H. Gabriel，天父看顾主题。
A1-14,如鹿切慕溪水,As the Deer,主是磐石 Unshakable Faith,14,,渴慕神与亲近主的灵修圣诗，源于诗篇式的心灵渴慕意象。,渴慕神；亲近主；敬拜；以主为满足,安静；清澈；渴慕；亲密,灵修默想；敬拜回应；退修；个人祷告,文章强调心灵干渴、重新寻求神、以主为满足、从外在事务回到亲近主。,主要落点是严厉警戒、宣教动员、十字架受难或节期庆典的文章。,核心是渴慕并亲近神，适合安静灵修和敬拜回应。,https://hymnary.org/search?qu=As%20the%20Deer | https://songselect.ccli.com/search/results?List=As%20the%20Deer,现代敬拜曲来源以 CCLI/SongSelect 与 Hymnary 检索复核；通常与 Martin Nystrom 诗篇42式渴慕主题相关。
A1-15,祷祈良辰,Sweet Hour of Prayer,主是磐石 Unshakable Faith,15,,祷告生活圣诗，强调祷告作为信徒卸下重担、亲近神的蒙恩途径。,祷告；亲近神；交托；等候,安静；亲密；恳切；退修感,祷告会；灵修操练；退修；讲祷告生活的文章,文章真正落点是恢复祷告生活、在祷告中亲近神并交托重担。,文章只是偶然提到祷告，实际落点在宣教、悔改、主餐或复活得胜时不宜机械选用。,只有当文章核心确实是祷告生活时才最贴切。,https://hymnary.org/search?qu=Sweet%20Hour%20of%20Prayer | https://hymntime.com/tch/htm/s/w/e/e/sweethop.htm,参考 Hymnary 检索与 HymnTime/Cyber Hymnal；William W. Walford / William B. Bradbury 祷告生活圣诗。
A1-16,主祷文,Lord's Prayer,主是磐石 Unshakable Faith,16,,主耶稣所教祷告的礼仪与灵修性圣乐，承载天国、供应、赦免与顺服主题。,主祷文；神国；顺服神旨意；赦免；日用供应,庄重；敬虔；祈求；礼仪性,崇拜祷告；祷告主题；教会生活；敬虔操练,文章围绕主祷文、神国、天父旨意、赦免与祷告秩序展开。,一般个人情绪安慰、福音呼召、宣教争战或圣诞主题文章。,适合明确祷告神学或主祷文主题，不宜只因文章出现祷告二字就使用。,https://hymnary.org/search?qu=The%20Lord%27s%20Prayer | https://songselect.ccli.com/search/results?List=The%20Lord%27s%20Prayer,主祷文文本直接来自马太福音6章/路加福音11章；具体钢琴版本需按曲库文件名确认是否为 Malotte 或其他谱曲。
A1-17,主是磐石,Unshakable Faith,主是磐石 Unshakable Faith,17,,信靠神为稳固根基的信心圣乐，突出患难中不可摇动的依靠。,神是磐石；信心稳固；患难中的依靠；神的信实,坚定；安稳；敬畏；有力量,信心坚固；苦难中站立；属灵根基；主日回应,文章最终呼召读者在动荡、试炼或不确定中把信心建立在神自己身上。,主要是柔和安慰、悔改呼召、圣诞节期或轻快赞美的文章。,这首曲子适合强调神为信徒不可摇动的根基。,https://hymnary.org/search?qu=My%20Hope%20Is%20Built%20on%20Nothing%20Less | https://hymntime.com/tch/htm/m/y/h/o/myhopeib.htm,中文《主是磐石》疑似对应 My Hope Is Built / The Solid Rock；需用曲库文件名确认英文题名。
A1-18,基督精兵前进,"Onward, Christian Soldiers",主是磐石 Unshakable Faith,18,,教会争战与使命圣诗，强调基督掌权下的群体前行。,属灵争战；教会使命；基督掌权；坚定前行,雄壮；坚定；行进；得胜,宣教差派；教会使命；属灵争战；公共见证,文章强调教会群体、福音使命、为真理站立、在争战中忠心前行。,安静默想、个人哀伤、细腻牧养安慰、主餐或低声悔改文章。,适合使命和争战主题，气质较强，不宜用于细腻安慰文。,https://hymnary.org/search?qu=Onward%2C%20Christian%20Soldiers | https://hymntime.com/tch/htm/o/n/w/a/onwardcs.htm,参考 Hymnary 检索与 HymnTime/Cyber Hymnal；Sabine Baring-Gould / Arthur Sullivan，教会行进与争战意象。
A1-19,唱哈利路亚,Sing Hallelujah,主是磐石 Unshakable Faith,19,,哈利路亚式赞美圣乐，突出对神救恩与荣耀的欢然颂赞。,赞美；神的荣耀；救恩喜乐；敬拜回应,明亮；喜乐；颂赞；轻快,主日赞美；感恩文章；庆典崇拜；以赞美作结的灵修,文章从神的作为、恩典或盼望走向喜乐赞美和公开颂扬。,悔改忧伤、受难默想、病痛安慰、庄严警醒或主餐肃穆文章。,这首曲子适合喜乐颂赞，不适合承托沉重或内省型文章。,https://hymnary.org/search?qu=Sing%20Hallelujah | https://songselect.ccli.com/search/results?List=Sing%20Hallelujah,题名较泛，未确认唯一标准圣诗条目；需用出版方/曲库文件名复核具体作品。
A1-20,坚固保障,A Mighty Fortress,主是磐石 Unshakable Faith,20,,宗教改革传统的信心与争战圣诗，宣告神是坚固保障。,神是避难所；真理争战；信心坚固；基督得胜,庄严；刚强；得胜；敬畏,宗教改革纪念；真理争战；教会坚固；苦难中站立,文章强调神作避难所、真理受挑战时的站立、属灵争战和信心坚固。,温柔陪伴、个人情感安慰、圣诞叙事、主餐默想或单纯祷告操练文章。,这是一首刚强的信心与争战圣诗，适合真理站立和神作保障的主题。,https://hymnary.org/search?qu=A%20Mighty%20Fortress%20Is%20Our%20God | https://hymntime.com/tch/htm/m/i/g/h/mightyfo.htm,参考 Hymnary 检索与 HymnTime/Cyber Hymnal；Martin Luther 宗教改革传统圣诗，诗篇46篇意象。
A2-01,你是我万有,You Are My All in All,"主啊我赞美你 Lord, I Praise You",1,,传统圣诗或福音圣乐，适合作为灵修文章配乐候选。,渴慕基督；倚靠主；以主为满足；成圣中的亲近,渴慕；安静；亲近；单纯信靠,灵修默想；祷告回应；退修；门徒生命操练,强调人心对主的渴慕、离开自足、重新以基督为生命满足的文章,主要落点是节期庆典、宏大宣教、公开争战或主餐礼仪的文章,渴慕基督；倚靠主；以主为满足；成圣中的亲近；适合强调人心对主的渴慕、离开自足、重新以基督为生命满足的文章。,https://hymnary.org/search?qu=You%20Are%20My%20All%20in%20All | https://songselect.ccli.com/search/results?List=You%20Are%20My%20All%20in%20All,参考 Hymnary 与 CCLI/SongSelect 等可复核入口；现代版权曲或题名不唯一，需用 CCLI/SongSelect 与曲库文件名复核。
A2-02,啊圣哉上主,O Lord Most Holy,"主啊我赞美你 Lord, I Praise You",2,,传统圣诗或福音圣乐，适合作为灵修文章配乐候选。,神的圣洁；基督尊荣；敬拜与降卑,庄严；敬畏；崇高；肃穆,主日崇拜；圣洁主题；圣诞敬拜；敬拜引导,强调神的圣洁、基督尊贵、敬拜秩序和人当存敬畏的文章,以个人软弱安慰、日常陪伴或轻柔默想为主的文章,神的圣洁；基督尊荣；敬拜与降卑；适合强调神的圣洁、基督尊贵、敬拜秩序和人当存敬畏的文章。,https://hymnary.org/search?qu=O%20Lord%20Most%20Holy | https://songselect.ccli.com/search/results?List=O%20Lord%20Most%20Holy,参考 Hymnary 与 CCLI/SongSelect 等可复核资料入口；传统圣诗可由 Hymnary 进一步进入具体诗本/作者资料；未读取音频。
A2-03,向主欢呼,Shout to the Lord,"主啊我赞美你 Lord, I Praise You",3,,传统圣诗或福音圣乐，适合作为灵修文章配乐候选。,赞美；复活得胜；神的荣耀；救恩欢庆,明亮；喜乐；得胜；颂赞,复活节；主日赞美；感恩回应；庆典崇拜,从神的作为、复活盼望、赞美感恩走向喜乐回应的文章,沉重悔改、受难默想、追思安慰或低声灵修文章,赞美；复活得胜；神的荣耀；救恩欢庆；适合从神的作为、复活盼望、赞美感恩走向喜乐回应的文章。,https://hymnary.org/search?qu=Shout%20to%20the%20Lord | https://songselect.ccli.com/search/results?List=Shout%20to%20the%20Lord,参考 Hymnary 与 CCLI/SongSelect 等可复核入口；现代版权曲或题名不唯一，需用 CCLI/SongSelect 与曲库文件名复核。
A2-04,十字架，十字架,Near the Cross,"主啊我赞美你 Lord, I Praise You",4,,传统圣诗或福音圣乐，适合作为灵修文章配乐候选。,十字架救恩；基督代赎；悔改与敬拜,深沉；敬畏；破碎；十字架默想,受难周；主餐前后；十字架信息；悔改回应,以基督受苦、代赎、舍己、悔改、十字架道路为中心的文章,主要落点是轻快赞美、圣诞叙事、普通生活感恩或宣教动员的文章,十字架救恩；基督代赎；悔改与敬拜；适合以基督受苦、代赎、舍己、悔改、十字架道路为中心的文章。,https://hymnary.org/search?qu=Near%20the%20Cross | https://songselect.ccli.com/search/results?List=Near%20the%20Cross,参考 Hymnary 与 CCLI/SongSelect 等可复核资料入口；传统圣诗可由 Hymnary 进一步进入具体诗本/作者资料；未读取音频。
A2-05,奇异恩典,Amazing Grace,"主啊我赞美你 Lord, I Praise You",5,,传统圣诗或福音圣乐，适合作为灵修文章配乐候选。,恩典；罪得赦免；救恩确据；福音见证,感恩；谦卑；安慰；盼望,福音呼召；见证；追思安慰；救恩主题灵修,强调罪人蒙恩、福音改变、神主动施恩和感恩回应的文章,主要强调神圣洁审判、属灵争战或礼仪性主餐默想的文章,恩典；罪得赦免；救恩确据；福音见证；适合强调罪人蒙恩、福音改变、神主动施恩和感恩回应的文章。,https://hymnary.org/search?qu=Amazing%20Grace | https://songselect.ccli.com/search/results?List=Amazing%20Grace,参考 Hymnary 与 CCLI/SongSelect 等可复核资料入口；传统圣诗可由 Hymnary 进一步进入具体诗本/作者资料；未读取音频。
A2-06,祂活着,He Lives,"主啊我赞美你 Lord, I Praise You",6,,传统圣诗或福音圣乐，适合作为灵修文章配乐候选。,赞美；复活得胜；神的荣耀；救恩欢庆,明亮；喜乐；得胜；颂赞,复活节；主日赞美；感恩回应；庆典崇拜,从神的作为、复活盼望、赞美感恩走向喜乐回应的文章,沉重悔改、受难默想、追思安慰或低声灵修文章,赞美；复活得胜；神的荣耀；救恩欢庆；适合从神的作为、复活盼望、赞美感恩走向喜乐回应的文章。,https://hymnary.org/search?qu=He%20Lives | https://songselect.ccli.com/search/results?List=He%20Lives,参考 Hymnary 与 CCLI/SongSelect 等可复核资料入口；传统圣诗可由 Hymnary 进一步进入具体诗本/作者资料；未读取音频。
A2-07,主啊我赞美你,"Lord, I Praise You","主啊我赞美你 Lord, I Praise You",7,,传统圣诗或福音圣乐，适合作为灵修文章配乐候选。,赞美；复活得胜；神的荣耀；救恩欢庆,明亮；喜乐；得胜；颂赞,复活节；主日赞美；感恩回应；庆典崇拜,从神的作为、复活盼望、赞美感恩走向喜乐回应的文章,沉重悔改、受难默想、追思安慰或低声灵修文章,赞美；复活得胜；神的荣耀；救恩欢庆；适合从神的作为、复活盼望、赞美感恩走向喜乐回应的文章。,https://hymnary.org/search?qu=Lord%2C%20I%20Praise%20You | https://songselect.ccli.com/search/results?List=Lord%2C%20I%20Praise%20You,参考 Hymnary 与 CCLI/SongSelect 等可复核入口；现代版权曲或题名不唯一，需用 CCLI/SongSelect 与曲库文件名复核。
A2-08,感恩的泪,Thankful Tears,"主啊我赞美你 Lord, I Praise You",8,,传统圣诗或福音圣乐，适合作为灵修文章配乐候选。,敬拜；信靠；基督里的生命回应,安静；敬虔；稳重；灵修性,灵修默想；主日回应；文章背景圣乐,神学重心较宽、需要安静承托文章信息的灵修文章,主题非常明确的主餐、圣诞、宣教差派或强烈悔改文章,适合一般灵修默想，但仍需按文章最终落点重新比较。,https://hymnary.org/search?qu=Thankful%20Tears | https://songselect.ccli.com/search/results?List=Thankful%20Tears,参考 Hymnary 与 CCLI/SongSelect 等可复核入口；现代版权曲或题名不唯一，需用 CCLI/SongSelect 与曲库文件名复核；题名较泛，需用出版方或音频文件名确认具体作品。
A2-09,最知心的朋友,Best Friend,"主啊我赞美你 Lord, I Praise You",9,,传统圣诗或福音圣乐，适合作为灵修文章配乐候选。,敬拜；信靠；基督里的生命回应,安静；敬虔；稳重；灵修性,灵修默想；主日回应；文章背景圣乐,神学重心较宽、需要安静承托文章信息的灵修文章,主题非常明确的主餐、圣诞、宣教差派或强烈悔改文章,适合一般灵修默想，但仍需按文章最终落点重新比较。,https://hymnary.org/search?qu=Best%20Friend | https://songselect.ccli.com/search/results?List=Best%20Friend,参考 Hymnary 与 CCLI/SongSelect 等可复核入口；现代版权曲或题名不唯一，需用 CCLI/SongSelect 与曲库文件名复核；题名较泛，需用出版方或音频文件名确认具体作品。
A2-10,主耶稣，我爱你,"My Jesus, I Love Thee","主啊我赞美你 Lord, I Praise You",10,,传统圣诗或福音圣乐，适合作为灵修文章配乐候选。,基督的荣美；爱主回应；敬拜尊崇；基督居首位,敬拜；亲密；庄重；爱慕,主日敬拜；灵修回应；奉献回应；基督论主题信息,强调基督荣美、爱主、敬拜、尊主为大的文章,主要落点是苦难安慰、圣诞叙事、主餐记念或宣教差派的文章,基督的荣美；爱主回应；敬拜尊崇；基督居首位；适合强调基督荣美、爱主、敬拜、尊主为大的文章。,https://hymnary.org/search?qu=My%20Jesus%2C%20I%20Love%20Thee | https://songselect.ccli.com/search/results?List=My%20Jesus%2C%20I%20Love%20Thee,参考 Hymnary 与 CCLI/SongSelect 等可复核资料入口；传统圣诗可由 Hymnary 进一步进入具体诗本/作者资料；未读取音频。
A2-11,如鹿渴慕溪水,As the Deer,"主啊我赞美你 Lord, I Praise You",11,,传统圣诗或福音圣乐，适合作为灵修文章配乐候选。,渴慕基督；倚靠主；以主为满足；成圣中的亲近,渴慕；安静；亲近；单纯信靠,灵修默想；祷告回应；退修；门徒生命操练,强调人心对主的渴慕、离开自足、重新以基督为生命满足的文章,主要落点是节期庆典、宏大宣教、公开争战或主餐礼仪的文章,渴慕基督；倚靠主；以主为满足；成圣中的亲近；适合强调人心对主的渴慕、离开自足、重新以基督为生命满足的文章。,https://hymnary.org/search?qu=As%20the%20Deer | https://songselect.ccli.com/search/results?List=As%20the%20Deer,参考 Hymnary 与 CCLI/SongSelect 等可复核入口；现代版权曲或题名不唯一，需用 CCLI/SongSelect 与曲库文件名复核。
A2-12,哈利路亚,Alleluia,"主啊我赞美你 Lord, I Praise You",12,,传统圣诗或福音圣乐，适合作为灵修文章配乐候选。,赞美；复活得胜；神的荣耀；救恩欢庆,明亮；喜乐；得胜；颂赞,复活节；主日赞美；感恩回应；庆典崇拜,从神的作为、复活盼望、赞美感恩走向喜乐回应的文章,沉重悔改、受难默想、追思安慰或低声灵修文章,赞美；复活得胜；神的荣耀；救恩欢庆；适合从神的作为、复活盼望、赞美感恩走向喜乐回应的文章。,https://hymnary.org/search?qu=Alleluia | https://songselect.ccli.com/search/results?List=Alleluia,参考 Hymnary 与 CCLI/SongSelect 等可复核入口；现代版权曲或题名不唯一，需用 CCLI/SongSelect 与曲库文件名复核。
A2-13,主祷文,The Lord's Prayer,"主啊我赞美你 Lord, I Praise You",13,,传统圣诗或福音圣乐，适合作为灵修文章配乐候选。,祷告；倚靠；与主相交；把重担带到主前,安静；亲近；恳切；牧养,祷告会；灵修默想；个人退修；回应祷告,引导读者回到祷告、依靠主、向主倾心吐意的文章,主要落点是宣教差派、复活得胜或庄严审判的文章,祷告；倚靠；与主相交；把重担带到主前；适合引导读者回到祷告、依靠主、向主倾心吐意的文章。,https://hymnary.org/search?qu=The%20Lord's%20Prayer | https://songselect.ccli.com/search/results?List=The%20Lord's%20Prayer,参考 Hymnary 与 CCLI/SongSelect 等可复核入口；现代版权曲或题名不唯一，需用 CCLI/SongSelect 与曲库文件名复核。
A3-01,美哉主耶稣,Fairest Lord Jesus,十字架的故事 Story of the Cross,1,,传统圣诗或福音圣乐，适合作为灵修文章配乐候选。,基督的荣美；爱主回应；敬拜尊崇；基督居首位,敬拜；亲密；庄重；爱慕,主日敬拜；灵修回应；奉献回应；基督论主题信息,强调基督荣美、爱主、敬拜、尊主为大的文章,主要落点是苦难安慰、圣诞叙事、主餐记念或宣教差派的文章,基督的荣美；爱主回应；敬拜尊崇；基督居首位；适合强调基督荣美、爱主、敬拜、尊主为大的文章。,https://hymnary.org/search?qu=Fairest%20Lord%20Jesus | https://songselect.ccli.com/search/results?List=Fairest%20Lord%20Jesus,参考 Hymnary 与 CCLI/SongSelect 等可复核资料入口；传统圣诗可由 Hymnary 进一步进入具体诗本/作者资料；未读取音频。
A3-02,荣耀与颂赞,Glory and Praise Medley,十字架的故事 Story of the Cross,2,,传统圣诗或福音圣乐，适合作为灵修文章配乐候选。,赞美；复活得胜；神的荣耀；救恩欢庆,明亮；喜乐；得胜；颂赞,复活节；主日赞美；感恩回应；庆典崇拜,从神的作为、复活盼望、赞美感恩走向喜乐回应的文章,沉重悔改、受难默想、追思安慰或低声灵修文章,赞美；复活得胜；神的荣耀；救恩欢庆；适合从神的作为、复活盼望、赞美感恩走向喜乐回应的文章。,https://hymnary.org/search?qu=Glory%20and%20Praise%20Medley | https://songselect.ccli.com/search/results?List=Glory%20and%20Praise%20Medley,参考 Hymnary 与 CCLI/SongSelect 等可复核入口；组曲/合并曲目需分别核对各组成圣诗；题名较泛，需用出版方或音频文件名确认具体作品。
A3-03,主十架下/古旧十架,Beneath the Cross/Old Rugged Cross,十字架的故事 Story of the Cross,3,,传统圣诗或福音圣乐，适合作为灵修文章配乐候选。,十字架救恩；基督代赎；悔改与敬拜,深沉；敬畏；破碎；十字架默想,受难周；主餐前后；十字架信息；悔改回应,以基督受苦、代赎、舍己、悔改、十字架道路为中心的文章,主要落点是轻快赞美、圣诞叙事、普通生活感恩或宣教动员的文章,十字架救恩；基督代赎；悔改与敬拜；适合以基督受苦、代赎、舍己、悔改、十字架道路为中心的文章。,https://hymnary.org/search?qu=Beneath%20the%20Cross%2FOld%20Rugged%20Cross | https://songselect.ccli.com/search/results?List=Beneath%20the%20Cross%2FOld%20Rugged%20Cross,参考 Hymnary 与 CCLI/SongSelect 等可复核入口；组曲/合并曲目需分别核对各组成圣诗。
A3-04,十字架，十字架,Near the Cross,十字架的故事 Story of the Cross,4,,传统圣诗或福音圣乐，适合作为灵修文章配乐候选。,十字架救恩；基督代赎；悔改与敬拜,深沉；敬畏；破碎；十字架默想,受难周；主餐前后；十字架信息；悔改回应,以基督受苦、代赎、舍己、悔改、十字架道路为中心的文章,主要落点是轻快赞美、圣诞叙事、普通生活感恩或宣教动员的文章,十字架救恩；基督代赎；悔改与敬拜；适合以基督受苦、代赎、舍己、悔改、十字架道路为中心的文章。,https://hymnary.org/search?qu=Near%20the%20Cross | https://songselect.ccli.com/search/results?List=Near%20the%20Cross,参考 Hymnary 与 CCLI/SongSelect 等可复核资料入口；传统圣诗可由 Hymnary 进一步进入具体诗本/作者资料；未读取音频。
A3-05,奇妙十架,When I Survey the Wondrous Cross,十字架的故事 Story of the Cross,5,,传统圣诗或福音圣乐，适合作为灵修文章配乐候选。,十字架救恩；基督代赎；悔改与敬拜,深沉；敬畏；破碎；十字架默想,受难周；主餐前后；十字架信息；悔改回应,以基督受苦、代赎、舍己、悔改、十字架道路为中心的文章,主要落点是轻快赞美、圣诞叙事、普通生活感恩或宣教动员的文章,十字架救恩；基督代赎；悔改与敬拜；适合以基督受苦、代赎、舍己、悔改、十字架道路为中心的文章。,https://hymnary.org/search?qu=When%20I%20Survey%20the%20Wondrous%20Cross | https://songselect.ccli.com/search/results?List=When%20I%20Survey%20the%20Wondrous%20Cross,参考 Hymnary 与 CCLI/SongSelect 等可复核资料入口；传统圣诗可由 Hymnary 进一步进入具体诗本/作者资料；未读取音频。
A3-06,当主为你钉十架,Were You There,十字架的故事 Story of the Cross,6,,传统圣诗或福音圣乐，适合作为灵修文章配乐候选。,十字架救恩；基督代赎；悔改与敬拜,深沉；敬畏；破碎；十字架默想,受难周；主餐前后；十字架信息；悔改回应,以基督受苦、代赎、舍己、悔改、十字架道路为中心的文章,主要落点是轻快赞美、圣诞叙事、普通生活感恩或宣教动员的文章,十字架救恩；基督代赎；悔改与敬拜；适合以基督受苦、代赎、舍己、悔改、十字架道路为中心的文章。,https://hymnary.org/search?qu=Were%20You%20There | https://songselect.ccli.com/search/results?List=Were%20You%20There,参考 Hymnary 与 CCLI/SongSelect 等可复核资料入口；传统圣诗可由 Hymnary 进一步进入具体诗本/作者资料；未读取音频。
A3-07,我曾舍命为你/领我到髑髅地,I Gave My Life for Thee / Lead Me to Calvary,十字架的故事 Story of the Cross,7,,传统圣诗或福音圣乐，适合作为灵修文章配乐候选。,十字架救恩；基督代赎；悔改与敬拜,深沉；敬畏；破碎；十字架默想,受难周；主餐前后；十字架信息；悔改回应,以基督受苦、代赎、舍己、悔改、十字架道路为中心的文章,主要落点是轻快赞美、圣诞叙事、普通生活感恩或宣教动员的文章,十字架救恩；基督代赎；悔改与敬拜；适合以基督受苦、代赎、舍己、悔改、十字架道路为中心的文章。,https://hymnary.org/search?qu=I%20Gave%20My%20Life%20for%20Thee%20%2F%20Lead%20Me%20to%20Calvary | https://songselect.ccli.com/search/results?List=I%20Gave%20My%20Life%20for%20Thee%20%2F%20Lead%20Me%20to%20Calvary,参考 Hymnary 与 CCLI/SongSelect 等可复核入口；组曲/合并曲目需分别核对各组成圣诗。
A3-08,复活得胜主,Thine Is the Glory,十字架的故事 Story of the Cross,8,,传统圣诗或福音圣乐，适合作为灵修文章配乐候选。,赞美；复活得胜；神的荣耀；救恩欢庆,明亮；喜乐；得胜；颂赞,复活节；主日赞美；感恩回应；庆典崇拜,从神的作为、复活盼望、赞美感恩走向喜乐回应的文章,沉重悔改、受难默想、追思安慰或低声灵修文章,赞美；复活得胜；神的荣耀；救恩欢庆；适合从神的作为、复活盼望、赞美感恩走向喜乐回应的文章。,https://hymnary.org/search?qu=Thine%20Is%20the%20Glory | https://songselect.ccli.com/search/results?List=Thine%20Is%20the%20Glory,参考 Hymnary 与 CCLI/SongSelect 等可复核资料入口；传统圣诗可由 Hymnary 进一步进入具体诗本/作者资料；未读取音频。
A3-09,宝血洗罪/宝血大能,Washed in the Blood / Power in the Blood,十字架的故事 Story of the Cross,9,,传统圣诗或福音圣乐，适合作为灵修文章配乐候选。,敬拜；信靠；基督里的生命回应,安静；敬虔；稳重；灵修性,灵修默想；主日回应；文章背景圣乐,神学重心较宽、需要安静承托文章信息的灵修文章,主题非常明确的主餐、圣诞、宣教差派或强烈悔改文章,适合一般灵修默想，但仍需按文章最终落点重新比较。,https://hymnary.org/search?qu=Washed%20in%20the%20Blood%20%2F%20Power%20in%20the%20Blood | https://songselect.ccli.com/search/results?List=Washed%20in%20the%20Blood%20%2F%20Power%20in%20the%20Blood,参考 Hymnary 与 CCLI/SongSelect 等可复核入口；组曲/合并曲目需分别核对各组成圣诗。
A3-10,奇异恩典,Amazing Grace,十字架的故事 Story of the Cross,10,,传统圣诗或福音圣乐，适合作为灵修文章配乐候选。,恩典；罪得赦免；救恩确据；福音见证,感恩；谦卑；安慰；盼望,福音呼召；见证；追思安慰；救恩主题灵修,强调罪人蒙恩、福音改变、神主动施恩和感恩回应的文章,主要强调神圣洁审判、属灵争战或礼仪性主餐默想的文章,恩典；罪得赦免；救恩确据；福音见证；适合强调罪人蒙恩、福音改变、神主动施恩和感恩回应的文章。,https://hymnary.org/search?qu=Amazing%20Grace | https://songselect.ccli.com/search/results?List=Amazing%20Grace,参考 Hymnary 与 CCLI/SongSelect 等可复核资料入口；传统圣诗可由 Hymnary 进一步进入具体诗本/作者资料；未读取音频。
A3-11,耶稣恩友,What a Friend We Have in Jesus,十字架的故事 Story of the Cross,11,,传统圣诗或福音圣乐，适合作为灵修文章配乐候选。,敬拜；信靠；基督里的生命回应,安静；敬虔；稳重；灵修性,灵修默想；主日回应；文章背景圣乐,神学重心较宽、需要安静承托文章信息的灵修文章,主题非常明确的主餐、圣诞、宣教差派或强烈悔改文章,适合一般灵修默想，但仍需按文章最终落点重新比较。,https://hymnary.org/search?qu=What%20a%20Friend%20We%20Have%20in%20Jesus | https://songselect.ccli.com/search/results?List=What%20a%20Friend%20We%20Have%20in%20Jesus,参考 Hymnary 与 CCLI/SongSelect 等可复核资料入口；传统圣诗可由 Hymnary 进一步进入具体诗本/作者资料；未读取音频。
A3-12,主耶稣我爱你/爱主更深,"My Jesus, I Love Thee / More Love to Thee",十字架的故事 Story of the Cross,12,,传统圣诗或福音圣乐，适合作为灵修文章配乐候选。,基督的荣美；爱主回应；敬拜尊崇；基督居首位,敬拜；亲密；庄重；爱慕,主日敬拜；灵修回应；奉献回应；基督论主题信息,强调基督荣美、爱主、敬拜、尊主为大的文章,主要落点是苦难安慰、圣诞叙事、主餐记念或宣教差派的文章,基督的荣美；爱主回应；敬拜尊崇；基督居首位；适合强调基督荣美、爱主、敬拜、尊主为大的文章。,https://hymnary.org/search?qu=My%20Jesus%2C%20I%20Love%20Thee%20%2F%20More%20Love%20to%20Thee | https://songselect.ccli.com/search/results?List=My%20Jesus%2C%20I%20Love%20Thee%20%2F%20More%20Love%20to%20Thee,参考 Hymnary 与 CCLI/SongSelect 等可复核入口；组曲/合并曲目需分别核对各组成圣诗。
A4-01,夜间歌唱,It Came Upon the Midnight Clear,圣诞故事 The Christmas Story,1,,传统圣诗或福音圣乐，适合作为灵修文章配乐候选。,敬拜；信靠；基督里的生命回应,安静；敬虔；稳重；灵修性,灵修默想；主日回应；文章背景圣乐,神学重心较宽、需要安静承托文章信息的灵修文章,主题非常明确的主餐、圣诞、宣教差派或强烈悔改文章,适合一般灵修默想，但仍需按文章最终落点重新比较。,https://hymnary.org/search?qu=It%20Came%20Upon%20the%20Midnight%20Clear | https://songselect.ccli.com/search/results?List=It%20Came%20Upon%20the%20Midnight%20Clear,参考 Hymnary 与 CCLI/SongSelect 等可复核资料入口；传统圣诗可由 Hymnary 进一步进入具体诗本/作者资料；未读取音频。
A4-02,平安夜,Silent Night,圣诞故事 The Christmas Story,2,,传统圣诗或福音圣乐，适合作为灵修文章配乐候选。,在基督里的安息；牧养；避难所；内在更新,安静；温柔；默想；被主怀抱,灵修默想；安慰探访；退修；睡前或静默祷告,以受安慰、静候主、内心更新、牧养陪伴为主的文章,强烈呼召、公开宣教动员、庄严审判或得胜凯歌文章,在基督里的安息；牧养；避难所；内在更新；适合以受安慰、静候主、内心更新、牧养陪伴为主的文章。,https://hymnary.org/search?qu=Silent%20Night | https://songselect.ccli.com/search/results?List=Silent%20Night,参考 Hymnary 与 CCLI/SongSelect 等可复核资料入口；传统圣诗可由 Hymnary 进一步进入具体诗本/作者资料；未读取音频。
A4-03,普世欢腾,Joy to the World,圣诞故事 The Christmas Story,3,,传统圣诗或福音圣乐，适合作为灵修文章配乐候选。,道成肉身；基督降生；救主临到；敬拜新生王,温柔；明亮；敬拜；节期性,圣诞节；将临期；道成肉身信息；圣诞见证,围绕基督降生、道成肉身、救主临到和圣诞敬拜的文章,非圣诞主题的悔改、主餐、宣教争战或日常灵修文章,道成肉身；基督降生；救主临到；敬拜新生王；适合围绕基督降生、道成肉身、救主临到和圣诞敬拜的文章。,https://hymnary.org/search?qu=Joy%20to%20the%20World | https://songselect.ccli.com/search/results?List=Joy%20to%20the%20World,参考 Hymnary 与 CCLI/SongSelect 等可复核资料入口；传统圣诗可由 Hymnary 进一步进入具体诗本/作者资料；未读取音频。
A4-04,噢圣善夜,O Holy Night,圣诞故事 The Christmas Story,4,,传统圣诗或福音圣乐，适合作为灵修文章配乐候选。,神的圣洁；基督尊荣；敬拜与降卑,庄严；敬畏；崇高；肃穆,主日崇拜；圣洁主题；圣诞敬拜；敬拜引导,强调神的圣洁、基督尊贵、敬拜秩序和人当存敬畏的文章,以个人软弱安慰、日常陪伴或轻柔默想为主的文章,神的圣洁；基督尊荣；敬拜与降卑；适合强调神的圣洁、基督尊贵、敬拜秩序和人当存敬畏的文章。,https://hymnary.org/search?qu=O%20Holy%20Night | https://songselect.ccli.com/search/results?List=O%20Holy%20Night,参考 Hymnary 与 CCLI/SongSelect 等可复核资料入口；传统圣诗可由 Hymnary 进一步进入具体诗本/作者资料；未读取音频。
A4-05,圣诞天使,Christmas Angels,圣诞故事 The Christmas Story,5,,传统圣诗或福音圣乐，适合作为灵修文章配乐候选。,道成肉身；基督降生；救主临到；敬拜新生王,温柔；明亮；敬拜；节期性,圣诞节；将临期；道成肉身信息；圣诞见证,围绕基督降生、道成肉身、救主临到和圣诞敬拜的文章,非圣诞主题的悔改、主餐、宣教争战或日常灵修文章,道成肉身；基督降生；救主临到；敬拜新生王；适合围绕基督降生、道成肉身、救主临到和圣诞敬拜的文章。,https://hymnary.org/search?qu=Christmas%20Angels | https://songselect.ccli.com/search/results?List=Christmas%20Angels,参考 Hymnary 与 CCLI/SongSelect 等可复核入口；题名较泛，需用出版方或音频文件名确认具体作品。
A4-06,马槽圣婴,Away in a Manger,圣诞故事 The Christmas Story,6,,传统圣诗或福音圣乐，适合作为灵修文章配乐候选。,道成肉身；基督降生；救主临到；敬拜新生王,温柔；明亮；敬拜；节期性,圣诞节；将临期；道成肉身信息；圣诞见证,围绕基督降生、道成肉身、救主临到和圣诞敬拜的文章,非圣诞主题的悔改、主餐、宣教争战或日常灵修文章,道成肉身；基督降生；救主临到；敬拜新生王；适合围绕基督降生、道成肉身、救主临到和圣诞敬拜的文章。,https://hymnary.org/search?qu=Away%20in%20a%20Manger | https://songselect.ccli.com/search/results?List=Away%20in%20a%20Manger,参考 Hymnary 与 CCLI/SongSelect 等可复核资料入口；传统圣诗可由 Hymnary 进一步进入具体诗本/作者资料；未读取音频。
A4-07,奇妙圣婴,What Child Is This,圣诞故事 The Christmas Story,7,,传统圣诗或福音圣乐，适合作为灵修文章配乐候选。,道成肉身；基督降生；救主临到；敬拜新生王,温柔；明亮；敬拜；节期性,圣诞节；将临期；道成肉身信息；圣诞见证,围绕基督降生、道成肉身、救主临到和圣诞敬拜的文章,非圣诞主题的悔改、主餐、宣教争战或日常灵修文章,道成肉身；基督降生；救主临到；敬拜新生王；适合围绕基督降生、道成肉身、救主临到和圣诞敬拜的文章。,https://hymnary.org/search?qu=What%20Child%20Is%20This | https://songselect.ccli.com/search/results?List=What%20Child%20Is%20This,参考 Hymnary 与 CCLI/SongSelect 等可复核资料入口；传统圣诗可由 Hymnary 进一步进入具体诗本/作者资料；未读取音频。
A4-08,小伯利恒,O Little Town of Bethlehem,圣诞故事 The Christmas Story,8,,传统圣诗或福音圣乐，适合作为灵修文章配乐候选。,道成肉身；基督降生；救主临到；敬拜新生王,温柔；明亮；敬拜；节期性,圣诞节；将临期；道成肉身信息；圣诞见证,围绕基督降生、道成肉身、救主临到和圣诞敬拜的文章,非圣诞主题的悔改、主餐、宣教争战或日常灵修文章,道成肉身；基督降生；救主临到；敬拜新生王；适合围绕基督降生、道成肉身、救主临到和圣诞敬拜的文章。,https://hymnary.org/search?qu=O%20Little%20Town%20of%20Bethlehem | https://songselect.ccli.com/search/results?List=O%20Little%20Town%20of%20Bethlehem,参考 Hymnary 与 CCLI/SongSelect 等可复核资料入口；传统圣诗可由 Hymnary 进一步进入具体诗本/作者资料；未读取音频。
A4-09,传扬佳音歌,Go Tell It on the Mountain,圣诞故事 The Christmas Story,9,,传统圣诗或福音圣乐，适合作为灵修文章配乐候选。,福音使命；基督掌权；属灵争战；差派见证,坚定；外展；得胜；呼召,宣教聚会；差派礼；福音使命；属灵争战信息,强调传福音、万民归主、教会使命、为真理站立的文章,安静哀伤、个人退修、主餐默想或细腻牧养安慰的文章,福音使命；基督掌权；属灵争战；差派见证；适合强调传福音、万民归主、教会使命、为真理站立的文章。,https://hymnary.org/search?qu=Go%20Tell%20It%20on%20the%20Mountain | https://songselect.ccli.com/search/results?List=Go%20Tell%20It%20on%20the%20Mountain,参考 Hymnary 与 CCLI/SongSelect 等可复核资料入口；传统圣诗可由 Hymnary 进一步进入具体诗本/作者资料；未读取音频。
A4-10,朝拜新生王,We Three Kings,圣诞故事 The Christmas Story,10,,传统圣诗或福音圣乐，适合作为灵修文章配乐候选。,道成肉身；基督降生；救主临到；敬拜新生王,温柔；明亮；敬拜；节期性,圣诞节；将临期；道成肉身信息；圣诞见证,围绕基督降生、道成肉身、救主临到和圣诞敬拜的文章,非圣诞主题的悔改、主餐、宣教争战或日常灵修文章,道成肉身；基督降生；救主临到；敬拜新生王；适合围绕基督降生、道成肉身、救主临到和圣诞敬拜的文章。,https://hymnary.org/search?qu=We%20Three%20Kings | https://songselect.ccli.com/search/results?List=We%20Three%20Kings,参考 Hymnary 与 CCLI/SongSelect 等可复核资料入口；传统圣诗可由 Hymnary 进一步进入具体诗本/作者资料；未读取音频。
A4-11,铃儿响叮当,Jingle Bells,圣诞故事 The Christmas Story,11,,传统圣诗或福音圣乐，适合作为灵修文章配乐候选。,道成肉身；基督降生；救主临到；敬拜新生王,温柔；明亮；敬拜；节期性,圣诞节；将临期；道成肉身信息；圣诞见证,围绕基督降生、道成肉身、救主临到和圣诞敬拜的文章,非圣诞主题的悔改、主餐、宣教争战或日常灵修文章,道成肉身；基督降生；救主临到；敬拜新生王；适合围绕基督降生、道成肉身、救主临到和圣诞敬拜的文章。,https://hymnary.org/search?qu=Jingle%20Bells | https://songselect.ccli.com/search/results?List=Jingle%20Bells,参考 Hymnary 与 CCLI/SongSelect 等可复核入口；题名较泛，需用出版方或音频文件名确认具体作品。
A5-01,荣耀归于真神,To God Be the Glory,神圣羔羊 Divine Redeemer,1,,传统圣诗或福音圣乐，适合作为灵修文章配乐候选。,赞美；复活得胜；神的荣耀；救恩欢庆,明亮；喜乐；得胜；颂赞,复活节；主日赞美；感恩回应；庆典崇拜,从神的作为、复活盼望、赞美感恩走向喜乐回应的文章,沉重悔改、受难默想、追思安慰或低声灵修文章,赞美；复活得胜；神的荣耀；救恩欢庆；适合从神的作为、复活盼望、赞美感恩走向喜乐回应的文章。,https://hymnary.org/search?qu=To%20God%20Be%20the%20Glory | https://songselect.ccli.com/search/results?List=To%20God%20Be%20the%20Glory,参考 Hymnary 与 CCLI/SongSelect 等可复核资料入口；传统圣诗可由 Hymnary 进一步进入具体诗本/作者资料；未读取音频。
A5-02,神爱世人,God So Loved the World,神圣羔羊 Divine Redeemer,2,,传统圣诗或福音圣乐，适合作为灵修文章配乐候选。,神的爱；基督救赎；福音恩典；敬拜回应,温暖；感恩；敬拜；安慰,福音信息；救恩默想；主日回应；感恩见证,强调神主动的爱、基督救赎、罪人蒙恩以及被爱激发敬拜回应的文章,主要落点是严肃警戒、属灵争战、主餐礼仪或宣教差派的文章,神的爱；基督救赎；福音恩典；敬拜回应；适合强调神主动的爱、基督救赎、罪人蒙恩以及被爱激发敬拜回应的文章。,https://hymnary.org/search?qu=God%20So%20Loved%20the%20World | https://songselect.ccli.com/search/results?List=God%20So%20Loved%20the%20World,参考 Hymnary 与 CCLI/SongSelect 等可复核资料入口；传统圣诗可由 Hymnary 进一步进入具体诗本/作者资料；未读取音频。
A5-03,天使歌唱,Angel We Have Heard on High,神圣羔羊 Divine Redeemer,3,,传统圣诗或福音圣乐，适合作为灵修文章配乐候选。,道成肉身；基督降生；救主临到；敬拜新生王,温柔；明亮；敬拜；节期性,圣诞节；将临期；道成肉身信息；圣诞见证,围绕基督降生、道成肉身、救主临到和圣诞敬拜的文章,非圣诞主题的悔改、主餐、宣教争战或日常灵修文章,道成肉身；基督降生；救主临到；敬拜新生王；适合围绕基督降生、道成肉身、救主临到和圣诞敬拜的文章。,https://hymnary.org/search?qu=Angel%20We%20Have%20Heard%20on%20High | https://songselect.ccli.com/search/results?List=Angel%20We%20Have%20Heard%20on%20High,参考 Hymnary 与 CCLI/SongSelect 等可复核资料入口；传统圣诗可由 Hymnary 进一步进入具体诗本/作者资料；未读取音频。
A5-04,平安夜,Silent Night,神圣羔羊 Divine Redeemer,4,,传统圣诗或福音圣乐，适合作为灵修文章配乐候选。,在基督里的安息；牧养；避难所；内在更新,安静；温柔；默想；被主怀抱,灵修默想；安慰探访；退修；睡前或静默祷告,以受安慰、静候主、内心更新、牧养陪伴为主的文章,强烈呼召、公开宣教动员、庄严审判或得胜凯歌文章,在基督里的安息；牧养；避难所；内在更新；适合以受安慰、静候主、内心更新、牧养陪伴为主的文章。,https://hymnary.org/search?qu=Silent%20Night | https://songselect.ccli.com/search/results?List=Silent%20Night,参考 Hymnary 与 CCLI/SongSelect 等可复核资料入口；传统圣诗可由 Hymnary 进一步进入具体诗本/作者资料；未读取音频。
A5-05,啊圣善夜,O Holy Night,神圣羔羊 Divine Redeemer,5,,传统圣诗或福音圣乐，适合作为灵修文章配乐候选。,神的圣洁；基督尊荣；敬拜与降卑,庄严；敬畏；崇高；肃穆,主日崇拜；圣洁主题；圣诞敬拜；敬拜引导,强调神的圣洁、基督尊贵、敬拜秩序和人当存敬畏的文章,以个人软弱安慰、日常陪伴或轻柔默想为主的文章,神的圣洁；基督尊荣；敬拜与降卑；适合强调神的圣洁、基督尊贵、敬拜秩序和人当存敬畏的文章。,https://hymnary.org/search?qu=O%20Holy%20Night | https://songselect.ccli.com/search/results?List=O%20Holy%20Night,参考 Hymnary 与 CCLI/SongSelect 等可复核资料入口；传统圣诗可由 Hymnary 进一步进入具体诗本/作者资料；未读取音频。
A5-06,小伯利恒,Back to Bethlehem,神圣羔羊 Divine Redeemer,6,,传统圣诗或福音圣乐，适合作为灵修文章配乐候选。,道成肉身；基督降生；救主临到；敬拜新生王,温柔；明亮；敬拜；节期性,圣诞节；将临期；道成肉身信息；圣诞见证,围绕基督降生、道成肉身、救主临到和圣诞敬拜的文章,非圣诞主题的悔改、主餐、宣教争战或日常灵修文章,道成肉身；基督降生；救主临到；敬拜新生王；适合围绕基督降生、道成肉身、救主临到和圣诞敬拜的文章。,https://hymnary.org/search?qu=Back%20to%20Bethlehem | https://songselect.ccli.com/search/results?List=Back%20to%20Bethlehem,参考 Hymnary 与 CCLI/SongSelect 等可复核入口；现代版权曲或题名不唯一，需用 CCLI/SongSelect 与曲库文件名复核。
A5-07,天使高歌,Hark! The Herald Angels Sing,神圣羔羊 Divine Redeemer,7,,传统圣诗或福音圣乐，适合作为灵修文章配乐候选。,道成肉身；基督降生；救主临到；敬拜新生王,温柔；明亮；敬拜；节期性,圣诞节；将临期；道成肉身信息；圣诞见证,围绕基督降生、道成肉身、救主临到和圣诞敬拜的文章,非圣诞主题的悔改、主餐、宣教争战或日常灵修文章,道成肉身；基督降生；救主临到；敬拜新生王；适合围绕基督降生、道成肉身、救主临到和圣诞敬拜的文章。,https://hymnary.org/search?qu=Hark!%20The%20Herald%20Angels%20Sing | https://songselect.ccli.com/search/results?List=Hark!%20The%20Herald%20Angels%20Sing,参考 Hymnary 与 CCLI/SongSelect 等可复核资料入口；传统圣诗可由 Hymnary 进一步进入具体诗本/作者资料；未读取音频。
A5-08,尊贵的主,Christmas Majesty,神圣羔羊 Divine Redeemer,8,,传统圣诗或福音圣乐，适合作为灵修文章配乐候选。,神的圣洁；基督尊荣；敬拜与降卑,庄严；敬畏；崇高；肃穆,主日崇拜；圣洁主题；圣诞敬拜；敬拜引导,强调神的圣洁、基督尊贵、敬拜秩序和人当存敬畏的文章,以个人软弱安慰、日常陪伴或轻柔默想为主的文章,神的圣洁；基督尊荣；敬拜与降卑；适合强调神的圣洁、基督尊贵、敬拜秩序和人当存敬畏的文章。,https://hymnary.org/search?qu=Christmas%20Majesty | https://songselect.ccli.com/search/results?List=Christmas%20Majesty,参考 Hymnary 与 CCLI/SongSelect 等可复核入口；现代版权曲或题名不唯一，需用 CCLI/SongSelect 与曲库文件名复核。
A5-09,圣城,The Holy City,神圣羔羊 Divine Redeemer,9,,传统圣诗或福音圣乐，适合作为灵修文章配乐候选。,神的圣洁；基督尊荣；敬拜与降卑,庄严；敬畏；崇高；肃穆,主日崇拜；圣洁主题；圣诞敬拜；敬拜引导,强调神的圣洁、基督尊贵、敬拜秩序和人当存敬畏的文章,以个人软弱安慰、日常陪伴或轻柔默想为主的文章,神的圣洁；基督尊荣；敬拜与降卑；适合强调神的圣洁、基督尊贵、敬拜秩序和人当存敬畏的文章。,https://hymnary.org/search?qu=The%20Holy%20City | https://songselect.ccli.com/search/results?List=The%20Holy%20City,参考 Hymnary 与 CCLI/SongSelect 等可复核资料入口；传统圣诗可由 Hymnary 进一步进入具体诗本/作者资料；未读取音频。
A5-10,古旧十架,The Old Rugged Cross,神圣羔羊 Divine Redeemer,10,,传统圣诗或福音圣乐，适合作为灵修文章配乐候选。,十字架救恩；基督代赎；悔改与敬拜,深沉；敬畏；破碎；十字架默想,受难周；主餐前后；十字架信息；悔改回应,以基督受苦、代赎、舍己、悔改、十字架道路为中心的文章,主要落点是轻快赞美、圣诞叙事、普通生活感恩或宣教动员的文章,十字架救恩；基督代赎；悔改与敬拜；适合以基督受苦、代赎、舍己、悔改、十字架道路为中心的文章。,https://hymnary.org/search?qu=The%20Old%20Rugged%20Cross | https://songselect.ccli.com/search/results?List=The%20Old%20Rugged%20Cross,参考 Hymnary 与 CCLI/SongSelect 等可复核资料入口；传统圣诗可由 Hymnary 进一步进入具体诗本/作者资料；未读取音频。
A5-11,宝架清影,Beneath the Cross of Jesus,神圣羔羊 Divine Redeemer,11,,传统圣诗或福音圣乐，适合作为灵修文章配乐候选。,十字架救恩；基督代赎；悔改与敬拜,深沉；敬畏；破碎；十字架默想,受难周；主餐前后；十字架信息；悔改回应,以基督受苦、代赎、舍己、悔改、十字架道路为中心的文章,主要落点是轻快赞美、圣诞叙事、普通生活感恩或宣教动员的文章,十字架救恩；基督代赎；悔改与敬拜；适合以基督受苦、代赎、舍己、悔改、十字架道路为中心的文章。,https://hymnary.org/search?qu=Beneath%20the%20Cross%20of%20Jesus | https://songselect.ccli.com/search/results?List=Beneath%20the%20Cross%20of%20Jesus,参考 Hymnary 与 CCLI/SongSelect 等可复核资料入口；传统圣诗可由 Hymnary 进一步进入具体诗本/作者资料；未读取音频。
A5-12,奇妙十架,When I Survey the Wondrous Cross,神圣羔羊 Divine Redeemer,12,,传统圣诗或福音圣乐，适合作为灵修文章配乐候选。,十字架救恩；基督代赎；悔改与敬拜,深沉；敬畏；破碎；十字架默想,受难周；主餐前后；十字架信息；悔改回应,以基督受苦、代赎、舍己、悔改、十字架道路为中心的文章,主要落点是轻快赞美、圣诞叙事、普通生活感恩或宣教动员的文章,十字架救恩；基督代赎；悔改与敬拜；适合以基督受苦、代赎、舍己、悔改、十字架道路为中心的文章。,https://hymnary.org/search?qu=When%20I%20Survey%20the%20Wondrous%20Cross | https://songselect.ccli.com/search/results?List=When%20I%20Survey%20the%20Wondrous%20Cross,参考 Hymnary 与 CCLI/SongSelect 等可复核资料入口；传统圣诗可由 Hymnary 进一步进入具体诗本/作者资料；未读取音频。
A5-13,虔守主餐,Let Us Break Bread Together,神圣羔羊 Divine Redeemer,13,,传统圣诗或福音圣乐，适合作为灵修文章配乐候选。,主餐；基督身体与宝血；记念主死；教会相交,肃穆；安静；敬虔；纪念,主餐礼；受难周；教会团契；十字架默想,明确落在记念主死、主餐、基督身体和教会合一的文章,普通生活应用、圣诞庆祝或宣教差派文章,主餐；基督身体与宝血；记念主死；教会相交；适合明确落在记念主死、主餐、基督身体和教会合一的文章。,https://hymnary.org/search?qu=Let%20Us%20Break%20Bread%20Together | https://songselect.ccli.com/search/results?List=Let%20Us%20Break%20Bread%20Together,参考 Hymnary 与 CCLI/SongSelect 等可复核资料入口；传统圣诗可由 Hymnary 进一步进入具体诗本/作者资料；未读取音频。
A5-14,神圣救赎主,Divine Redeemer,神圣羔羊 Divine Redeemer,14,,传统圣诗或福音圣乐，适合作为灵修文章配乐候选。,救恩确据；得赎身份；重生生命；福音见证,确据；感恩；明亮；稳妥,见证；福音回应；救恩主题；主日赞美,强调信徒在基督里的身份、救恩确据、重生改变和感恩见证的文章,主要落点是哀伤追思、主餐肃穆、圣洁审判或安静等候的文章,救恩确据；得赎身份；重生生命；福音见证；适合强调信徒在基督里的身份、救恩确据、重生改变和感恩见证的文章。,https://hymnary.org/search?qu=Divine%20Redeemer | https://songselect.ccli.com/search/results?List=Divine%20Redeemer,参考 Hymnary 与 CCLI/SongSelect 等可复核资料入口；传统圣诗可由 Hymnary 进一步进入具体诗本/作者资料；未读取音频。
A5-15,基督耶稣今复生,Praise to the Risen King,神圣羔羊 Divine Redeemer,15,,传统圣诗或福音圣乐，适合作为灵修文章配乐候选。,赞美；复活得胜；神的荣耀；救恩欢庆,明亮；喜乐；得胜；颂赞,复活节；主日赞美；感恩回应；庆典崇拜,从神的作为、复活盼望、赞美感恩走向喜乐回应的文章,沉重悔改、受难默想、追思安慰或低声灵修文章,赞美；复活得胜；神的荣耀；救恩欢庆；适合从神的作为、复活盼望、赞美感恩走向喜乐回应的文章。,https://hymnary.org/search?qu=Praise%20to%20the%20Risen%20King | https://songselect.ccli.com/search/results?List=Praise%20to%20the%20Risen%20King,参考 Hymnary 与 CCLI/SongSelect 等可复核入口；现代版权曲或题名不唯一，需用 CCLI/SongSelect 与曲库文件名复核。
A5-16,奇妙的耶稣,"Wonderful, Wonderful Jesus",神圣羔羊 Divine Redeemer,16,,传统圣诗或福音圣乐，适合作为灵修文章配乐候选。,神的爱；基督救赎；福音恩典；敬拜回应,温暖；感恩；敬拜；安慰,福音信息；救恩默想；主日回应；感恩见证,强调神主动的爱、基督救赎、罪人蒙恩以及被爱激发敬拜回应的文章,主要落点是严肃警戒、属灵争战、主餐礼仪或宣教差派的文章,神的爱；基督救赎；福音恩典；敬拜回应；适合强调神主动的爱、基督救赎、罪人蒙恩以及被爱激发敬拜回应的文章。,https://hymnary.org/search?qu=Wonderful%2C%20Wonderful%20Jesus | https://songselect.ccli.com/search/results?List=Wonderful%2C%20Wonderful%20Jesus,参考 Hymnary 与 CCLI/SongSelect 等可复核入口；现代版权曲或题名不唯一，需用 CCLI/SongSelect 与曲库文件名复核。
A5-17,耶稣，在万民之上,Jesus Name Above All Names,神圣羔羊 Divine Redeemer,17,,传统圣诗或福音圣乐，适合作为灵修文章配乐候选。,基督的荣美；爱主回应；敬拜尊崇；基督居首位,敬拜；亲密；庄重；爱慕,主日敬拜；灵修回应；奉献回应；基督论主题信息,强调基督荣美、爱主、敬拜、尊主为大的文章,主要落点是苦难安慰、圣诞叙事、主餐记念或宣教差派的文章,基督的荣美；爱主回应；敬拜尊崇；基督居首位；适合强调基督荣美、爱主、敬拜、尊主为大的文章。,https://hymnary.org/search?qu=Jesus%20Name%20Above%20All%20Names | https://songselect.ccli.com/search/results?List=Jesus%20Name%20Above%20All%20Names,参考 Hymnary 与 CCLI/SongSelect 等可复核入口；现代版权曲或题名不唯一，需用 CCLI/SongSelect 与曲库文件名复核。
A5-18,你的信实广大,Great Is Thy Faithfulness,神圣羔羊 Divine Redeemer,18,,传统圣诗或福音圣乐，适合作为灵修文章配乐候选。,神的护理；信实；患难中的保守；信靠顺服,安稳；温柔；坚信；受安慰,苦难安慰；病中探访；信心坚固；灵修默想,强调神在苦难、等待、未知前路中仍然掌权与看顾的文章,主要落点是认罪悔改、得胜凯歌或圣诞庆贺的文章,神的护理；信实；患难中的保守；信靠顺服；适合强调神在苦难、等待、未知前路中仍然掌权与看顾的文章。,https://hymnary.org/search?qu=Great%20Is%20Thy%20Faithfulness | https://songselect.ccli.com/search/results?List=Great%20Is%20Thy%20Faithfulness,参考 Hymnary 与 CCLI/SongSelect 等可复核资料入口；传统圣诗可由 Hymnary 进一步进入具体诗本/作者资料；未读取音频。
A5-19,有福的确据,Blessed Assurance,神圣羔羊 Divine Redeemer,19,,传统圣诗或福音圣乐，适合作为灵修文章配乐候选。,救恩确据；得赎身份；重生生命；福音见证,确据；感恩；明亮；稳妥,见证；福音回应；救恩主题；主日赞美,强调信徒在基督里的身份、救恩确据、重生改变和感恩见证的文章,主要落点是哀伤追思、主餐肃穆、圣洁审判或安静等候的文章,救恩确据；得赎身份；重生生命；福音见证；适合强调信徒在基督里的身份、救恩确据、重生改变和感恩见证的文章。,https://hymnary.org/search?qu=Blessed%20Assurance | https://songselect.ccli.com/search/results?List=Blessed%20Assurance,参考 Hymnary 与 CCLI/SongSelect 等可复核资料入口；传统圣诗可由 Hymnary 进一步进入具体诗本/作者资料；未读取音频。
A5-20,收成感恩,"Come, Ye Thankful People",神圣羔羊 Divine Redeemer,20,,传统圣诗或福音圣乐，适合作为灵修文章配乐候选。,创造护理；神的伟大；感恩；敬拜造物主,开阔；赞叹；感恩；安稳,感恩节；创造主题；神护理主题；主日赞美,强调神创造、掌权、供应、护理，以及人以感恩敬拜回应的文章,主要落点是悔改呼召、主餐记念、十字架受苦或个人哀伤的文章,创造护理；神的伟大；感恩；敬拜造物主；适合强调神创造、掌权、供应、护理，以及人以感恩敬拜回应的文章。,https://hymnary.org/search?qu=Come%2C%20Ye%20Thankful%20People | https://songselect.ccli.com/search/results?List=Come%2C%20Ye%20Thankful%20People,参考 Hymnary 与 CCLI/SongSelect 等可复核资料入口；传统圣诗可由 Hymnary 进一步进入具体诗本/作者资料；未读取音频。
A6-01,赞美基督耶稣,Morning Praise,美哉主耶稣 Fairest Lord Jesus,1,,传统圣诗或福音圣乐，适合作为灵修文章配乐候选。,赞美；复活得胜；神的荣耀；救恩欢庆,明亮；喜乐；得胜；颂赞,复活节；主日赞美；感恩回应；庆典崇拜,从神的作为、复活盼望、赞美感恩走向喜乐回应的文章,沉重悔改、受难默想、追思安慰或低声灵修文章,赞美；复活得胜；神的荣耀；救恩欢庆；适合从神的作为、复活盼望、赞美感恩走向喜乐回应的文章。,https://hymnary.org/search?qu=Morning%20Praise | https://songselect.ccli.com/search/results?List=Morning%20Praise,参考 Hymnary 与 CCLI/SongSelect 等可复核入口；现代版权曲或题名不唯一，需用 CCLI/SongSelect 与曲库文件名复核。
A6-02,圣哉三一,"Holy, Holy, Holy",美哉主耶稣 Fairest Lord Jesus,2,,传统圣诗或福音圣乐，适合作为灵修文章配乐候选。,神的圣洁；基督尊荣；敬拜与降卑,庄严；敬畏；崇高；肃穆,主日崇拜；圣洁主题；圣诞敬拜；敬拜引导,强调神的圣洁、基督尊贵、敬拜秩序和人当存敬畏的文章,以个人软弱安慰、日常陪伴或轻柔默想为主的文章,神的圣洁；基督尊荣；敬拜与降卑；适合强调神的圣洁、基督尊贵、敬拜秩序和人当存敬畏的文章。,https://hymnary.org/search?qu=Holy%2C%20Holy%2C%20Holy | https://songselect.ccli.com/search/results?List=Holy%2C%20Holy%2C%20Holy,参考 Hymnary 与 CCLI/SongSelect 等可复核资料入口；传统圣诗可由 Hymnary 进一步进入具体诗本/作者资料；未读取音频。
A6-03,美哉主耶稣,Fairest Lord Jesus,美哉主耶稣 Fairest Lord Jesus,3,,传统圣诗或福音圣乐，适合作为灵修文章配乐候选。,基督的荣美；爱主回应；敬拜尊崇；基督居首位,敬拜；亲密；庄重；爱慕,主日敬拜；灵修回应；奉献回应；基督论主题信息,强调基督荣美、爱主、敬拜、尊主为大的文章,主要落点是苦难安慰、圣诞叙事、主餐记念或宣教差派的文章,基督的荣美；爱主回应；敬拜尊崇；基督居首位；适合强调基督荣美、爱主、敬拜、尊主为大的文章。,https://hymnary.org/search?qu=Fairest%20Lord%20Jesus | https://songselect.ccli.com/search/results?List=Fairest%20Lord%20Jesus,参考 Hymnary 与 CCLI/SongSelect 等可复核资料入口；传统圣诗可由 Hymnary 进一步进入具体诗本/作者资料；未读取音频。
A6-04,奇妙十架,When I Survey the Wondrous Cross,美哉主耶稣 Fairest Lord Jesus,4,,传统圣诗或福音圣乐，适合作为灵修文章配乐候选。,十字架救恩；基督代赎；悔改与敬拜,深沉；敬畏；破碎；十字架默想,受难周；主餐前后；十字架信息；悔改回应,以基督受苦、代赎、舍己、悔改、十字架道路为中心的文章,主要落点是轻快赞美、圣诞叙事、普通生活感恩或宣教动员的文章,十字架救恩；基督代赎；悔改与敬拜；适合以基督受苦、代赎、舍己、悔改、十字架道路为中心的文章。,https://hymnary.org/search?qu=When%20I%20Survey%20the%20Wondrous%20Cross | https://songselect.ccli.com/search/results?List=When%20I%20Survey%20the%20Wondrous%20Cross,参考 Hymnary 与 CCLI/SongSelect 等可复核资料入口；传统圣诗可由 Hymnary 进一步进入具体诗本/作者资料；未读取音频。
A6-05,奇异的爱,And Can It Be?,美哉主耶稣 Fairest Lord Jesus,5,,传统圣诗或福音圣乐，适合作为灵修文章配乐候选。,恩典；罪得赦免；救恩确据；福音见证,感恩；谦卑；安慰；盼望,福音呼召；见证；追思安慰；救恩主题灵修,强调罪人蒙恩、福音改变、神主动施恩和感恩回应的文章,主要强调神圣洁审判、属灵争战或礼仪性主餐默想的文章,恩典；罪得赦免；救恩确据；福音见证；适合强调罪人蒙恩、福音改变、神主动施恩和感恩回应的文章。,https://hymnary.org/search?qu=And%20Can%20It%20Be%3F | https://songselect.ccli.com/search/results?List=And%20Can%20It%20Be%3F,参考 Hymnary 与 CCLI/SongSelect 等可复核资料入口；传统圣诗可由 Hymnary 进一步进入具体诗本/作者资料；未读取音频。
A6-06,恩典大过我罪,Grace Greater Than All My Sins,美哉主耶稣 Fairest Lord Jesus,6,,传统圣诗或福音圣乐，适合作为灵修文章配乐候选。,恩典；罪得赦免；救恩确据；福音见证,感恩；谦卑；安慰；盼望,福音呼召；见证；追思安慰；救恩主题灵修,强调罪人蒙恩、福音改变、神主动施恩和感恩回应的文章,主要强调神圣洁审判、属灵争战或礼仪性主餐默想的文章,恩典；罪得赦免；救恩确据；福音见证；适合强调罪人蒙恩、福音改变、神主动施恩和感恩回应的文章。,https://hymnary.org/search?qu=Grace%20Greater%20Than%20All%20My%20Sins | https://songselect.ccli.com/search/results?List=Grace%20Greater%20Than%20All%20My%20Sins,参考 Hymnary 与 CCLI/SongSelect 等可复核资料入口；传统圣诗可由 Hymnary 进一步进入具体诗本/作者资料；未读取音频。
A6-07,主被钉十架,Were You There? / Crown Him,美哉主耶稣 Fairest Lord Jesus,7,,传统圣诗或福音圣乐，适合作为灵修文章配乐候选。,十字架救恩；基督代赎；悔改与敬拜,深沉；敬畏；破碎；十字架默想,受难周；主餐前后；十字架信息；悔改回应,以基督受苦、代赎、舍己、悔改、十字架道路为中心的文章,主要落点是轻快赞美、圣诞叙事、普通生活感恩或宣教动员的文章,十字架救恩；基督代赎；悔改与敬拜；适合以基督受苦、代赎、舍己、悔改、十字架道路为中心的文章。,https://hymnary.org/search?qu=Were%20You%20There%3F%20%2F%20Crown%20Him | https://songselect.ccli.com/search/results?List=Were%20You%20There%3F%20%2F%20Crown%20Him,参考 Hymnary 与 CCLI/SongSelect 等可复核入口；组曲/合并曲目需分别核对各组成圣诗。
A6-08,你真伟大,How Great Thou Art,美哉主耶稣 Fairest Lord Jesus,8,,传统圣诗或福音圣乐，适合作为灵修文章配乐候选。,创造护理；神的伟大；感恩；敬拜造物主,开阔；赞叹；感恩；安稳,感恩节；创造主题；神护理主题；主日赞美,强调神创造、掌权、供应、护理，以及人以感恩敬拜回应的文章,主要落点是悔改呼召、主餐记念、十字架受苦或个人哀伤的文章,创造护理；神的伟大；感恩；敬拜造物主；适合强调神创造、掌权、供应、护理，以及人以感恩敬拜回应的文章。,https://hymnary.org/search?qu=How%20Great%20Thou%20Art | https://songselect.ccli.com/search/results?List=How%20Great%20Thou%20Art,参考 Hymnary 与 CCLI/SongSelect 等可复核资料入口；传统圣诗可由 Hymnary 进一步进入具体诗本/作者资料；未读取音频。
A6-09,贺祂为王,All Hail the Power of Jesus' Name,美哉主耶稣 Fairest Lord Jesus,9,,传统圣诗或福音圣乐，适合作为灵修文章配乐候选。,基督的荣美；爱主回应；敬拜尊崇；基督居首位,敬拜；亲密；庄重；爱慕,主日敬拜；灵修回应；奉献回应；基督论主题信息,强调基督荣美、爱主、敬拜、尊主为大的文章,主要落点是苦难安慰、圣诞叙事、主餐记念或宣教差派的文章,基督的荣美；爱主回应；敬拜尊崇；基督居首位；适合强调基督荣美、爱主、敬拜、尊主为大的文章。,https://hymnary.org/search?qu=All%20Hail%20the%20Power%20of%20Jesus'%20Name | https://songselect.ccli.com/search/results?List=All%20Hail%20the%20Power%20of%20Jesus'%20Name,参考 Hymnary 与 CCLI/SongSelect 等可复核资料入口；传统圣诗可由 Hymnary 进一步进入具体诗本/作者资料；未读取音频。
A6-10,主治万方,Jesus Shall Reign,美哉主耶稣 Fairest Lord Jesus,10,,传统圣诗或福音圣乐，适合作为灵修文章配乐候选。,福音使命；基督掌权；属灵争战；差派见证,坚定；外展；得胜；呼召,宣教聚会；差派礼；福音使命；属灵争战信息,强调传福音、万民归主、教会使命、为真理站立的文章,安静哀伤、个人退修、主餐默想或细腻牧养安慰的文章,福音使命；基督掌权；属灵争战；差派见证；适合强调传福音、万民归主、教会使命、为真理站立的文章。,https://hymnary.org/search?qu=Jesus%20Shall%20Reign | https://songselect.ccli.com/search/results?List=Jesus%20Shall%20Reign,参考 Hymnary 与 CCLI/SongSelect 等可复核资料入口；传统圣诗可由 Hymnary 进一步进入具体诗本/作者资料；未读取音频。
A6-11,主耶稣，我爱你,"My Jesus, I Love Thee",美哉主耶稣 Fairest Lord Jesus,11,,传统圣诗或福音圣乐，适合作为灵修文章配乐候选。,基督的荣美；爱主回应；敬拜尊崇；基督居首位,敬拜；亲密；庄重；爱慕,主日敬拜；灵修回应；奉献回应；基督论主题信息,强调基督荣美、爱主、敬拜、尊主为大的文章,主要落点是苦难安慰、圣诞叙事、主餐记念或宣教差派的文章,基督的荣美；爱主回应；敬拜尊崇；基督居首位；适合强调基督荣美、爱主、敬拜、尊主为大的文章。,https://hymnary.org/search?qu=My%20Jesus%2C%20I%20Love%20Thee | https://songselect.ccli.com/search/results?List=My%20Jesus%2C%20I%20Love%20Thee,参考 Hymnary 与 CCLI/SongSelect 等可复核资料入口；传统圣诗可由 Hymnary 进一步进入具体诗本/作者资料；未读取音频。
A6-12,尊崇主,I Exalt Thee,美哉主耶稣 Fairest Lord Jesus,12,,传统圣诗或福音圣乐，适合作为灵修文章配乐候选。,基督的荣美；爱主回应；敬拜尊崇；基督居首位,敬拜；亲密；庄重；爱慕,主日敬拜；灵修回应；奉献回应；基督论主题信息,强调基督荣美、爱主、敬拜、尊主为大的文章,主要落点是苦难安慰、圣诞叙事、主餐记念或宣教差派的文章,基督的荣美；爱主回应；敬拜尊崇；基督居首位；适合强调基督荣美、爱主、敬拜、尊主为大的文章。,https://hymnary.org/search?qu=I%20Exalt%20Thee | https://songselect.ccli.com/search/results?List=I%20Exalt%20Thee,参考 Hymnary 与 CCLI/SongSelect 等可复核入口；现代版权曲或题名不唯一，需用 CCLI/SongSelect 与曲库文件名复核。
A6-13,颂赞主圣名,Blessed Be Thy Name,美哉主耶稣 Fairest Lord Jesus,13,,传统圣诗或福音圣乐，适合作为灵修文章配乐候选。,赞美；复活得胜；神的荣耀；救恩欢庆,明亮；喜乐；得胜；颂赞,复活节；主日赞美；感恩回应；庆典崇拜,从神的作为、复活盼望、赞美感恩走向喜乐回应的文章,沉重悔改、受难默想、追思安慰或低声灵修文章,赞美；复活得胜；神的荣耀；救恩欢庆；适合从神的作为、复活盼望、赞美感恩走向喜乐回应的文章。,https://hymnary.org/search?qu=Blessed%20Be%20Thy%20Name | https://songselect.ccli.com/search/results?List=Blessed%20Be%20Thy%20Name,参考 Hymnary 与 CCLI/SongSelect 等可复核资料入口；传统圣诗可由 Hymnary 进一步进入具体诗本/作者资料；未读取音频。
A6-14,耶稣恩友,What a Friend We Have in Jesus,美哉主耶稣 Fairest Lord Jesus,14,,传统圣诗或福音圣乐，适合作为灵修文章配乐候选。,敬拜；信靠；基督里的生命回应,安静；敬虔；稳重；灵修性,灵修默想；主日回应；文章背景圣乐,神学重心较宽、需要安静承托文章信息的灵修文章,主题非常明确的主餐、圣诞、宣教差派或强烈悔改文章,适合一般灵修默想，但仍需按文章最终落点重新比较。,https://hymnary.org/search?qu=What%20a%20Friend%20We%20Have%20in%20Jesus | https://songselect.ccli.com/search/results?List=What%20a%20Friend%20We%20Have%20in%20Jesus,参考 Hymnary 与 CCLI/SongSelect 等可复核资料入口；传统圣诗可由 Hymnary 进一步进入具体诗本/作者资料；未读取音频。
A6-15,主凡事引导,All the Way My Savior Leads Me,美哉主耶稣 Fairest Lord Jesus,15,,传统圣诗或福音圣乐，适合作为灵修文章配乐候选。,神的护理；信实；患难中的保守；信靠顺服,安稳；温柔；坚信；受安慰,苦难安慰；病中探访；信心坚固；灵修默想,强调神在苦难、等待、未知前路中仍然掌权与看顾的文章,主要落点是认罪悔改、得胜凯歌或圣诞庆贺的文章,神的护理；信实；患难中的保守；信靠顺服；适合强调神在苦难、等待、未知前路中仍然掌权与看顾的文章。,https://hymnary.org/search?qu=All%20the%20Way%20My%20Savior%20Leads%20Me | https://songselect.ccli.com/search/results?List=All%20the%20Way%20My%20Savior%20Leads%20Me,参考 Hymnary 与 CCLI/SongSelect 等可复核资料入口；传统圣诗可由 Hymnary 进一步进入具体诗本/作者资料；未读取音频。
A6-16,奔向锡安,Marching to Zion,美哉主耶稣 Fairest Lord Jesus,16,,传统圣诗或福音圣乐，适合作为灵修文章配乐候选。,天家盼望；永恒；寄居客旅；与主面对面,盼望；深远；安慰；天路感,追思安慰；永恒盼望；天路客旅；临终关怀,强调今世寄居、永恒盼望、天家归宿、与主面对面的文章,主要是现实行动呼召、轻快赞美或圣诞节期文章,天家盼望；永恒；寄居客旅；与主面对面；适合强调今世寄居、永恒盼望、天家归宿、与主面对面的文章。,https://hymnary.org/search?qu=Marching%20to%20Zion | https://songselect.ccli.com/search/results?List=Marching%20to%20Zion,参考 Hymnary 与 CCLI/SongSelect 等可复核资料入口；传统圣诗可由 Hymnary 进一步进入具体诗本/作者资料；未读取音频。
A6-17,与主面对面,Face to Face,美哉主耶稣 Fairest Lord Jesus,17,,传统圣诗或福音圣乐，适合作为灵修文章配乐候选。,天家盼望；永恒；寄居客旅；与主面对面,盼望；深远；安慰；天路感,追思安慰；永恒盼望；天路客旅；临终关怀,强调今世寄居、永恒盼望、天家归宿、与主面对面的文章,主要是现实行动呼召、轻快赞美或圣诞节期文章,天家盼望；永恒；寄居客旅；与主面对面；适合强调今世寄居、永恒盼望、天家归宿、与主面对面的文章。,https://hymnary.org/search?qu=Face%20to%20Face | https://songselect.ccli.com/search/results?List=Face%20to%20Face,参考 Hymnary 与 CCLI/SongSelect 等可复核资料入口；传统圣诗可由 Hymnary 进一步进入具体诗本/作者资料；未读取音频。
A6-18,快乐崇拜,"Joyful, Joyful We Adore Thee",美哉主耶稣 Fairest Lord Jesus,18,,传统圣诗或福音圣乐，适合作为灵修文章配乐候选。,赞美；复活得胜；神的荣耀；救恩欢庆,明亮；喜乐；得胜；颂赞,复活节；主日赞美；感恩回应；庆典崇拜,从神的作为、复活盼望、赞美感恩走向喜乐回应的文章,沉重悔改、受难默想、追思安慰或低声灵修文章,赞美；复活得胜；神的荣耀；救恩欢庆；适合从神的作为、复活盼望、赞美感恩走向喜乐回应的文章。,https://hymnary.org/search?qu=Joyful%2C%20Joyful%20We%20Adore%20Thee | https://songselect.ccli.com/search/results?List=Joyful%2C%20Joyful%20We%20Adore%20Thee,参考 Hymnary 与 CCLI/SongSelect 等可复核资料入口；传统圣诗可由 Hymnary 进一步进入具体诗本/作者资料；未读取音频。
A7-01,救主在等待,The Savior is Waiting,藏身主怀 You Are My Hiding Place,1,,传统圣诗或福音圣乐，适合作为灵修文章配乐候选。,福音呼召；悔改归主；救主怜悯；回应恩典,恳切；温柔；呼召；悔改,福音呼召；布道会回应；悔改祷告；归主见证,文章最终落点是呼召人悔改、归向基督、接受福音恩典时使用,主要是给信徒的安慰、圣诞庆贺、主餐礼仪或宣教差派文章,福音呼召；悔改归主；救主怜悯；回应恩典；适合文章最终落点是呼召人悔改、归向基督、接受福音恩典时使用。,https://hymnary.org/search?qu=The%20Savior%20is%20Waiting | https://songselect.ccli.com/search/results?List=The%20Savior%20is%20Waiting,参考 Hymnary 与 CCLI/SongSelect 等可复核资料入口；传统圣诗可由 Hymnary 进一步进入具体诗本/作者资料；未读取音频。
A7-02,来就上主羔羊,Just As I Am,藏身主怀 You Are My Hiding Place,2,,传统圣诗或福音圣乐，适合作为灵修文章配乐候选。,福音呼召；悔改归主；救主怜悯；回应恩典,恳切；温柔；呼召；悔改,福音呼召；布道会回应；悔改祷告；归主见证,文章最终落点是呼召人悔改、归向基督、接受福音恩典时使用,主要是给信徒的安慰、圣诞庆贺、主餐礼仪或宣教差派文章,福音呼召；悔改归主；救主怜悯；回应恩典；适合文章最终落点是呼召人悔改、归向基督、接受福音恩典时使用。,https://hymnary.org/search?qu=Just%20As%20I%20Am | https://songselect.ccli.com/search/results?List=Just%20As%20I%20Am,参考 Hymnary 与 CCLI/SongSelect 等可复核资料入口；传统圣诗可由 Hymnary 进一步进入具体诗本/作者资料；未读取音频。
A7-03,奇异恩典,Amazing Grace,藏身主怀 You Are My Hiding Place,3,,传统圣诗或福音圣乐，适合作为灵修文章配乐候选。,恩典；罪得赦免；救恩确据；福音见证,感恩；谦卑；安慰；盼望,福音呼召；见证；追思安慰；救恩主题灵修,强调罪人蒙恩、福音改变、神主动施恩和感恩回应的文章,主要强调神圣洁审判、属灵争战或礼仪性主餐默想的文章,恩典；罪得赦免；救恩确据；福音见证；适合强调罪人蒙恩、福音改变、神主动施恩和感恩回应的文章。,https://hymnary.org/search?qu=Amazing%20Grace | https://songselect.ccli.com/search/results?List=Amazing%20Grace,参考 Hymnary 与 CCLI/SongSelect 等可复核资料入口；传统圣诗可由 Hymnary 进一步进入具体诗本/作者资料；未读取音频。
A7-04,救赎主,Redeemed,藏身主怀 You Are My Hiding Place,4,,传统圣诗或福音圣乐，适合作为灵修文章配乐候选。,救恩确据；得赎身份；重生生命；福音见证,确据；感恩；明亮；稳妥,见证；福音回应；救恩主题；主日赞美,强调信徒在基督里的身份、救恩确据、重生改变和感恩见证的文章,主要落点是哀伤追思、主餐肃穆、圣洁审判或安静等候的文章,救恩确据；得赎身份；重生生命；福音见证；适合强调信徒在基督里的身份、救恩确据、重生改变和感恩见证的文章。,https://hymnary.org/search?qu=Redeemed | https://songselect.ccli.com/search/results?List=Redeemed,参考 Hymnary 与 CCLI/SongSelect 等可复核资料入口；传统圣诗可由 Hymnary 进一步进入具体诗本/作者资料；未读取音频。
A7-05,你是我藏身处,You Are My Hiding Place,藏身主怀 You Are My Hiding Place,5,,传统圣诗或福音圣乐，适合作为灵修文章配乐候选。,在基督里的安息；牧养；避难所；内在更新,安静；温柔；默想；被主怀抱,灵修默想；安慰探访；退修；睡前或静默祷告,以受安慰、静候主、内心更新、牧养陪伴为主的文章,强烈呼召、公开宣教动员、庄严审判或得胜凯歌文章,在基督里的安息；牧养；避难所；内在更新；适合以受安慰、静候主、内心更新、牧养陪伴为主的文章。,https://hymnary.org/search?qu=You%20Are%20My%20Hiding%20Place | https://songselect.ccli.com/search/results?List=You%20Are%20My%20Hiding%20Place,参考 Hymnary 与 CCLI/SongSelect 等可复核入口；现代版权曲或题名不唯一，需用 CCLI/SongSelect 与曲库文件名复核。
A7-06,主藏我灵在他爱中,He Hideth My Soul,藏身主怀 You Are My Hiding Place,6,,传统圣诗或福音圣乐，适合作为灵修文章配乐候选。,敬拜；信靠；基督里的生命回应,安静；敬虔；稳重；灵修性,灵修默想；主日回应；文章背景圣乐,神学重心较宽、需要安静承托文章信息的灵修文章,主题非常明确的主餐、圣诞、宣教差派或强烈悔改文章,适合一般灵修默想，但仍需按文章最终落点重新比较。,https://hymnary.org/search?qu=He%20Hideth%20My%20Soul | https://songselect.ccli.com/search/results?List=He%20Hideth%20My%20Soul,参考 Hymnary 与 CCLI/SongSelect 等可复核资料入口；传统圣诗可由 Hymnary 进一步进入具体诗本/作者资料；未读取音频。
A7-07,我心灵得安宁,It Is Well with My Soul,藏身主怀 You Are My Hiding Place,7,,传统圣诗或福音圣乐，适合作为灵修文章配乐候选。,在基督里的安息；牧养；避难所；内在更新,安静；温柔；默想；被主怀抱,灵修默想；安慰探访；退修；睡前或静默祷告,以受安慰、静候主、内心更新、牧养陪伴为主的文章,强烈呼召、公开宣教动员、庄严审判或得胜凯歌文章,在基督里的安息；牧养；避难所；内在更新；适合以受安慰、静候主、内心更新、牧养陪伴为主的文章。,https://hymnary.org/search?qu=It%20Is%20Well%20with%20My%20Soul | https://songselect.ccli.com/search/results?List=It%20Is%20Well%20with%20My%20Soul,参考 Hymnary 与 CCLI/SongSelect 等可复核资料入口；传统圣诗可由 Hymnary 进一步进入具体诗本/作者资料；未读取音频。
A7-08,主的完全平安,Like a River Glorious,藏身主怀 You Are My Hiding Place,8,,传统圣诗或福音圣乐，适合作为灵修文章配乐候选。,在基督里的安息；牧养；避难所；内在更新,安静；温柔；默想；被主怀抱,灵修默想；安慰探访；退修；睡前或静默祷告,以受安慰、静候主、内心更新、牧养陪伴为主的文章,强烈呼召、公开宣教动员、庄严审判或得胜凯歌文章,在基督里的安息；牧养；避难所；内在更新；适合以受安慰、静候主、内心更新、牧养陪伴为主的文章。,https://hymnary.org/search?qu=Like%20a%20River%20Glorious | https://songselect.ccli.com/search/results?List=Like%20a%20River%20Glorious,参考 Hymnary 与 CCLI/SongSelect 等可复核资料入口；传统圣诗可由 Hymnary 进一步进入具体诗本/作者资料；未读取音频。
A7-09,开我的眼，主,"Open Our Eyes, Lord",藏身主怀 You Are My Hiding Place,9,,传统圣诗或福音圣乐，适合作为灵修文章配乐候选。,属灵光照；明白真理；顺服神道；内在更新,恳切；安静；受教；寻求,读经前后；讲道回应；灵修默想；真理更新,强调求主开启眼睛、明白圣经真理、从神话语受教并回应的文章,主要落点是圣诞庆典、复活凯歌、主餐礼仪或追思安慰的文章,属灵光照；明白真理；顺服神道；内在更新；适合强调求主开启眼睛、明白圣经真理、从神话语受教并回应的文章。,https://hymnary.org/search?qu=Open%20Our%20Eyes%2C%20Lord | https://songselect.ccli.com/search/results?List=Open%20Our%20Eyes%2C%20Lord,参考 Hymnary 与 CCLI/SongSelect 等可复核入口；现代版权曲或题名不唯一，需用 CCLI/SongSelect 与曲库文件名复核。
A7-10,耶稣是我亲爱牧者,"Savior, Like a Shepherd",藏身主怀 You Are My Hiding Place,10,,传统圣诗或福音圣乐，适合作为灵修文章配乐候选。,在基督里的安息；牧养；避难所；内在更新,安静；温柔；默想；被主怀抱,灵修默想；安慰探访；退修；睡前或静默祷告,以受安慰、静候主、内心更新、牧养陪伴为主的文章,强烈呼召、公开宣教动员、庄严审判或得胜凯歌文章,在基督里的安息；牧养；避难所；内在更新；适合以受安慰、静候主、内心更新、牧养陪伴为主的文章。,https://hymnary.org/search?qu=Savior%2C%20Like%20a%20Shepherd | https://songselect.ccli.com/search/results?List=Savior%2C%20Like%20a%20Shepherd,参考 Hymnary 与 CCLI/SongSelect 等可复核资料入口；传统圣诗可由 Hymnary 进一步进入具体诗本/作者资料；未读取音频。
A7-11,按他时候,In His Time,藏身主怀 You Are My Hiding Place,11,,传统圣诗或福音圣乐，适合作为灵修文章配乐候选。,神的护理；信实；患难中的保守；信靠顺服,安稳；温柔；坚信；受安慰,苦难安慰；病中探访；信心坚固；灵修默想,强调神在苦难、等待、未知前路中仍然掌权与看顾的文章,主要落点是认罪悔改、得胜凯歌或圣诞庆贺的文章,神的护理；信实；患难中的保守；信靠顺服；适合强调神在苦难、等待、未知前路中仍然掌权与看顾的文章。,https://hymnary.org/search?qu=In%20His%20Time | https://songselect.ccli.com/search/results?List=In%20His%20Time,参考 Hymnary 与 CCLI/SongSelect 等可复核入口；现代版权曲或题名不唯一，需用 CCLI/SongSelect 与曲库文件名复核。
A7-12,在花园里,In the Garden,藏身主怀 You Are My Hiding Place,12,,传统圣诗或福音圣乐，适合作为灵修文章配乐候选。,在基督里的安息；牧养；避难所；内在更新,安静；温柔；默想；被主怀抱,灵修默想；安慰探访；退修；睡前或静默祷告,以受安慰、静候主、内心更新、牧养陪伴为主的文章,强烈呼召、公开宣教动员、庄严审判或得胜凯歌文章,在基督里的安息；牧养；避难所；内在更新；适合以受安慰、静候主、内心更新、牧养陪伴为主的文章。,https://hymnary.org/search?qu=In%20the%20Garden | https://songselect.ccli.com/search/results?List=In%20the%20Garden,参考 Hymnary 与 CCLI/SongSelect 等可复核资料入口；传统圣诗可由 Hymnary 进一步进入具体诗本/作者资料；未读取音频。
A7-13,耶稣是我一切,Jesus Is All the World to Me,藏身主怀 You Are My Hiding Place,13,,传统圣诗或福音圣乐，适合作为灵修文章配乐候选。,渴慕基督；倚靠主；以主为满足；成圣中的亲近,渴慕；安静；亲近；单纯信靠,灵修默想；祷告回应；退修；门徒生命操练,强调人心对主的渴慕、离开自足、重新以基督为生命满足的文章,主要落点是节期庆典、宏大宣教、公开争战或主餐礼仪的文章,渴慕基督；倚靠主；以主为满足；成圣中的亲近；适合强调人心对主的渴慕、离开自足、重新以基督为生命满足的文章。,https://hymnary.org/search?qu=Jesus%20Is%20All%20the%20World%20to%20Me | https://songselect.ccli.com/search/results?List=Jesus%20Is%20All%20the%20World%20to%20Me,参考 Hymnary 与 CCLI/SongSelect 等可复核资料入口；传统圣诗可由 Hymnary 进一步进入具体诗本/作者资料；未读取音频。
A7-14,主的道,His Way with Thee,藏身主怀 You Are My Hiding Place,14,,传统圣诗或福音圣乐，适合作为灵修文章配乐候选。,神的护理；信实；患难中的保守；信靠顺服,安稳；温柔；坚信；受安慰,苦难安慰；病中探访；信心坚固；灵修默想,强调神在苦难、等待、未知前路中仍然掌权与看顾的文章,主要落点是认罪悔改、得胜凯歌或圣诞庆贺的文章,神的护理；信实；患难中的保守；信靠顺服；适合强调神在苦难、等待、未知前路中仍然掌权与看顾的文章。,https://hymnary.org/search?qu=His%20Way%20with%20Thee | https://songselect.ccli.com/search/results?List=His%20Way%20with%20Thee,参考 Hymnary 与 CCLI/SongSelect 等可复核资料入口；传统圣诗可由 Hymnary 进一步进入具体诗本/作者资料；未读取音频。
A7-15,我宁愿有耶稣,I Rather Have Jesus,藏身主怀 You Are My Hiding Place,15,,传统圣诗或福音圣乐，适合作为灵修文章配乐候选。,渴慕基督；倚靠主；以主为满足；成圣中的亲近,渴慕；安静；亲近；单纯信靠,灵修默想；祷告回应；退修；门徒生命操练,强调人心对主的渴慕、离开自足、重新以基督为生命满足的文章,主要落点是节期庆典、宏大宣教、公开争战或主餐礼仪的文章,渴慕基督；倚靠主；以主为满足；成圣中的亲近；适合强调人心对主的渴慕、离开自足、重新以基督为生命满足的文章。,https://hymnary.org/search?qu=I%20Rather%20Have%20Jesus | https://songselect.ccli.com/search/results?List=I%20Rather%20Have%20Jesus,参考 Hymnary 与 CCLI/SongSelect 等可复核资料入口；传统圣诗可由 Hymnary 进一步进入具体诗本/作者资料；未读取音频。
A7-16,全民全族当归向他,Once to Every Man and Nation,藏身主怀 You Are My Hiding Place,16,,传统圣诗或福音圣乐，适合作为灵修文章配乐候选。,福音使命；基督掌权；属灵争战；差派见证,坚定；外展；得胜；呼召,宣教聚会；差派礼；福音使命；属灵争战信息,强调传福音、万民归主、教会使命、为真理站立的文章,安静哀伤、个人退修、主餐默想或细腻牧养安慰的文章,福音使命；基督掌权；属灵争战；差派见证；适合强调传福音、万民归主、教会使命、为真理站立的文章。,https://hymnary.org/search?qu=Once%20to%20Every%20Man%20and%20Nation | https://songselect.ccli.com/search/results?List=Once%20to%20Every%20Man%20and%20Nation,参考 Hymnary 与 CCLI/SongSelect 等可复核资料入口；传统圣诗可由 Hymnary 进一步进入具体诗本/作者资料；未读取音频。
A7-17,今是主自己,Himself,藏身主怀 You Are My Hiding Place,17,,传统圣诗或福音圣乐，适合作为灵修文章配乐候选。,奉献；顺服；成圣；以基督为至宝,委身；安静坚定；舍己；内在降服,奉献回应；培灵会；门徒训练；成圣主题,呼召读者顺服、奉献、舍己跟随主、重新把基督居首位的文章,单纯福音呼召、圣诞叙事或主要安慰伤痛的文章,奉献；顺服；成圣；以基督为至宝；适合呼召读者顺服、奉献、舍己跟随主、重新把基督居首位的文章。,https://hymnary.org/search?qu=Himself | https://songselect.ccli.com/search/results?List=Himself,参考 Hymnary 与 CCLI/SongSelect 等可复核入口；现代版权曲或题名不唯一，需用 CCLI/SongSelect 与曲库文件名复核。
A7-18,奉献所有,I Surrender All,藏身主怀 You Are My Hiding Place,18,,传统圣诗或福音圣乐，适合作为灵修文章配乐候选。,奉献；顺服；成圣；以基督为至宝,委身；安静坚定；舍己；内在降服,奉献回应；培灵会；门徒训练；成圣主题,呼召读者顺服、奉献、舍己跟随主、重新把基督居首位的文章,单纯福音呼召、圣诞叙事或主要安慰伤痛的文章,奉献；顺服；成圣；以基督为至宝；适合呼召读者顺服、奉献、舍己跟随主、重新把基督居首位的文章。,https://hymnary.org/search?qu=I%20Surrender%20All | https://songselect.ccli.com/search/results?List=I%20Surrender%20All,参考 Hymnary 与 CCLI/SongSelect 等可复核资料入口；传统圣诗可由 Hymnary 进一步进入具体诗本/作者资料；未读取音频。
A7-19,那片沃土,Sweet By and By,藏身主怀 You Are My Hiding Place,19,,传统圣诗或福音圣乐，适合作为灵修文章配乐候选。,天家盼望；永恒；寄居客旅；与主面对面,盼望；深远；安慰；天路感,追思安慰；永恒盼望；天路客旅；临终关怀,强调今世寄居、永恒盼望、天家归宿、与主面对面的文章,主要是现实行动呼召、轻快赞美或圣诞节期文章,天家盼望；永恒；寄居客旅；与主面对面；适合强调今世寄居、永恒盼望、天家归宿、与主面对面的文章。,https://hymnary.org/search?qu=Sweet%20By%20and%20By | https://songselect.ccli.com/search/results?List=Sweet%20By%20and%20By,参考 Hymnary 与 CCLI/SongSelect 等可复核资料入口；传统圣诗可由 Hymnary 进一步进入具体诗本/作者资料；未读取音频。
A7-20,我是个贫穷的独行者,I Am a Poor Wayfaring Stranger,藏身主怀 You Are My Hiding Place,20,,传统圣诗或福音圣乐，适合作为灵修文章配乐候选。,神的护理；信实；患难中的保守；信靠顺服,安稳；温柔；坚信；受安慰,苦难安慰；病中探访；信心坚固；灵修默想,强调神在苦难、等待、未知前路中仍然掌权与看顾的文章,主要落点是认罪悔改、得胜凯歌或圣诞庆贺的文章,神的护理；信实；患难中的保守；信靠顺服；适合强调神在苦难、等待、未知前路中仍然掌权与看顾的文章。,https://hymnary.org/search?qu=I%20Am%20a%20Poor%20Wayfaring%20Stranger | https://songselect.ccli.com/search/results?List=I%20Am%20a%20Poor%20Wayfaring%20Stranger,参考 Hymnary 与 CCLI/SongSelect 等可复核资料入口；传统圣诗可由 Hymnary 进一步进入具体诗本/作者资料；未读取音频。
A7-21,默祷,Meditation on a Folk Song,藏身主怀 You Are My Hiding Place,21,,传统圣诗或福音圣乐，适合作为灵修文章配乐候选。,祷告；倚靠；与主相交；把重担带到主前,安静；亲近；恳切；牧养,祷告会；灵修默想；个人退修；回应祷告,引导读者回到祷告、依靠主、向主倾心吐意的文章,主要落点是宣教差派、复活得胜或庄严审判的文章,祷告；倚靠；与主相交；把重担带到主前；适合引导读者回到祷告、依靠主、向主倾心吐意的文章。,https://hymnary.org/search?qu=Meditation%20on%20a%20Folk%20Song | https://songselect.ccli.com/search/results?List=Meditation%20on%20a%20Folk%20Song,参考 Hymnary 与 CCLI/SongSelect 等可复核入口；现代版权曲或题名不唯一，需用 CCLI/SongSelect 与曲库文件名复核。
N-01,这是天父世界,This Is My Father's World,锺玲新作,1,,传统圣诗或福音圣乐，适合作为灵修文章配乐候选。,创造护理；神的伟大；感恩；敬拜造物主,开阔；赞叹；感恩；安稳,感恩节；创造主题；神护理主题；主日赞美,强调神创造、掌权、供应、护理，以及人以感恩敬拜回应的文章,主要落点是悔改呼召、主餐记念、十字架受苦或个人哀伤的文章,创造护理；神的伟大；感恩；敬拜造物主；适合强调神创造、掌权、供应、护理，以及人以感恩敬拜回应的文章。,https://hymnary.org/search?qu=This%20Is%20My%20Father's%20World | https://songselect.ccli.com/search/results?List=This%20Is%20My%20Father's%20World,参考 Hymnary 与 CCLI/SongSelect 等可复核资料入口；传统圣诗可由 Hymnary 进一步进入具体诗本/作者资料；未读取音频。
N-02,贺祂为王,All Hail the Power of Jesus' Name,锺玲新作,2,,传统圣诗或福音圣乐，适合作为灵修文章配乐候选。,基督的荣美；爱主回应；敬拜尊崇；基督居首位,敬拜；亲密；庄重；爱慕,主日敬拜；灵修回应；奉献回应；基督论主题信息,强调基督荣美、爱主、敬拜、尊主为大的文章,主要落点是苦难安慰、圣诞叙事、主餐记念或宣教差派的文章,基督的荣美；爱主回应；敬拜尊崇；基督居首位；适合强调基督荣美、爱主、敬拜、尊主为大的文章。,https://hymnary.org/search?qu=All%20Hail%20the%20Power%20of%20Jesus'%20Name | https://songselect.ccli.com/search/results?List=All%20Hail%20the%20Power%20of%20Jesus'%20Name,参考 Hymnary 与 CCLI/SongSelect 等可复核资料入口；传统圣诗可由 Hymnary 进一步进入具体诗本/作者资料；未读取音频。
N-03,虔守主餐,Let Us Break Bread Together,锺玲新作,3,,传统圣诗或福音圣乐，适合作为灵修文章配乐候选。,主餐；基督身体与宝血；记念主死；教会相交,肃穆；安静；敬虔；纪念,主餐礼；受难周；教会团契；十字架默想,明确落在记念主死、主餐、基督身体和教会合一的文章,普通生活应用、圣诞庆祝或宣教差派文章,主餐；基督身体与宝血；记念主死；教会相交；适合明确落在记念主死、主餐、基督身体和教会合一的文章。,https://hymnary.org/search?qu=Let%20Us%20Break%20Bread%20Together | https://songselect.ccli.com/search/results?List=Let%20Us%20Break%20Bread%20Together,参考 Hymnary 与 CCLI/SongSelect 等可复核资料入口；传统圣诗可由 Hymnary 进一步进入具体诗本/作者资料；未读取音频。
N-04,我曾舍命为你 / 哦，我真爱耶稣,"I Gave My Life for Thee / Oh, How I Love Jesus",锺玲新作,4,,传统圣诗或福音圣乐，适合作为灵修文章配乐候选。,十字架救恩；基督代赎；悔改与敬拜,深沉；敬畏；破碎；十字架默想,受难周；主餐前后；十字架信息；悔改回应,以基督受苦、代赎、舍己、悔改、十字架道路为中心的文章,主要落点是轻快赞美、圣诞叙事、普通生活感恩或宣教动员的文章,十字架救恩；基督代赎；悔改与敬拜；适合以基督受苦、代赎、舍己、悔改、十字架道路为中心的文章。,https://hymnary.org/search?qu=I%20Gave%20My%20Life%20for%20Thee%20%2F%20Oh%2C%20How%20I%20Love%20Jesus | https://songselect.ccli.com/search/results?List=I%20Gave%20My%20Life%20for%20Thee%20%2F%20Oh%2C%20How%20I%20Love%20Jesus,参考 Hymnary 与 CCLI/SongSelect 等可复核入口；组曲/合并曲目需分别核对各组成圣诗。
N-05,自从耶稣进到我心 / 喜传福音,Since Jesus Came into My Heart / I Love to Tell the Story,锺玲新作,5,,传统圣诗或福音圣乐，适合作为灵修文章配乐候选。,救恩确据；得赎身份；重生生命；福音见证,确据；感恩；明亮；稳妥,见证；福音回应；救恩主题；主日赞美,强调信徒在基督里的身份、救恩确据、重生改变和感恩见证的文章,主要落点是哀伤追思、主餐肃穆、圣洁审判或安静等候的文章,救恩确据；得赎身份；重生生命；福音见证；适合强调信徒在基督里的身份、救恩确据、重生改变和感恩见证的文章。,https://hymnary.org/search?qu=Since%20Jesus%20Came%20into%20My%20Heart%20%2F%20I%20Love%20to%20Tell%20the%20Story | https://songselect.ccli.com/search/results?List=Since%20Jesus%20Came%20into%20My%20Heart%20%2F%20I%20Love%20to%20Tell%20the%20Story,参考 Hymnary 与 CCLI/SongSelect 等可复核入口；组曲/合并曲目需分别核对各组成圣诗。
N-06,愿主向我吹气,"Breathe on Me, Breath of God",锺玲新作,6,,传统圣诗或福音圣乐，适合作为灵修文章配乐候选。,圣灵工作；更新生命；成圣；属灵苏醒,恳切；柔和；更新；等候,培灵会；成圣主题；祷告会；复兴与更新信息,强调圣灵光照、生命更新、成圣操练、属灵复兴和对神工作的渴慕的文章,主要落点是圣诞叙事、主餐礼仪、追思安慰或外展凯歌的文章,圣灵工作；更新生命；成圣；属灵苏醒；适合强调圣灵光照、生命更新、成圣操练、属灵复兴和对神工作的渴慕的文章。,https://hymnary.org/search?qu=Breathe%20on%20Me%2C%20Breath%20of%20God | https://songselect.ccli.com/search/results?List=Breathe%20on%20Me%2C%20Breath%20of%20God,参考 Hymnary 与 CCLI/SongSelect 等可复核资料入口；传统圣诗可由 Hymnary 进一步进入具体诗本/作者资料；未读取音频。
N-07,祂既看顾小麻雀 / 天父必看顾你,His Eye Is on the Sparrow / God Will Take Care of You,锺玲新作,7,,传统圣诗或福音圣乐，适合作为灵修文章配乐候选。,神的护理；信实；患难中的保守；信靠顺服,安稳；温柔；坚信；受安慰,苦难安慰；病中探访；信心坚固；灵修默想,强调神在苦难、等待、未知前路中仍然掌权与看顾的文章,主要落点是认罪悔改、得胜凯歌或圣诞庆贺的文章,神的护理；信实；患难中的保守；信靠顺服；适合强调神在苦难、等待、未知前路中仍然掌权与看顾的文章。,https://hymnary.org/search?qu=His%20Eye%20Is%20on%20the%20Sparrow%20%2F%20God%20Will%20Take%20Care%20of%20You | https://songselect.ccli.com/search/results?List=His%20Eye%20Is%20on%20the%20Sparrow%20%2F%20God%20Will%20Take%20Care%20of%20You,参考 Hymnary 与 CCLI/SongSelect 等可复核入口；组曲/合并曲目需分别核对各组成圣诗。
N-08,有福的确据,Blessed Assurance,锺玲新作,8,,传统圣诗或福音圣乐，适合作为灵修文章配乐候选。,救恩确据；得赎身份；重生生命；福音见证,确据；感恩；明亮；稳妥,见证；福音回应；救恩主题；主日赞美,强调信徒在基督里的身份、救恩确据、重生改变和感恩见证的文章,主要落点是哀伤追思、主餐肃穆、圣洁审判或安静等候的文章,救恩确据；得赎身份；重生生命；福音见证；适合强调信徒在基督里的身份、救恩确据、重生改变和感恩见证的文章。,https://hymnary.org/search?qu=Blessed%20Assurance | https://songselect.ccli.com/search/results?List=Blessed%20Assurance,参考 Hymnary 与 CCLI/SongSelect 等可复核资料入口；传统圣诗可由 Hymnary 进一步进入具体诗本/作者资料；未读取音频。